Date (B.S.),Date (A.D.),Local Time,UTC Time,Latitude,Longitude,Magnitude,Remarks,Epicenter
2063-7-26,2006-11-11,11:00,05:15,27.21,87.63,4.2,NSC,Tehrathum
2063-6-11,2006-09-26,11:00,05:15,30.1,80.83,4.5,NSC,Darchula
2063-6-4,2006-09-19,11:00,05:15,29.62,81.54,5,NSC,Bajura
2063-6-2,2006-09-17,11:00,05:15,26.98,87.8,4.2,NSC,Illam
2063-5-15,2006-08-30,11:00,05:15,29.05,83.6,4.3,NSC,Mustang
2063-4-31,2006-08-15,11:00,05:15,27.89,85.7,4.3,NSC,Sindhupalchowk
2063-1-23,2006-05-05,11:00,05:15,29.43,81.26,4.8,NSC,Bajhang
2062-12-23,2006-04-04,11:00,05:15,27.91,85.83,4.6,NSC,Sindhupalchowk
2062-11-8,2006-02-19,11:00,05:15,28.24,83.89,4.7,NSC,Baglung
2062-10-22,2006-02-03,11:00,05:15,27.18,86.8,5.4,NSC,Khotang
2062-7-21,2005-11-06,11:00,05:15,29.61,82.02,5.1,NSC,Mugu
2062-7-15,2005-10-31,11:00,05:15,28.65,84.83,4.5,NSC,Gorkha
2062-7-15,2005-10-31,11:00,05:15,29.64,82.06,5.1,NSC,Mugu
2062-7-13,2005-10-29,11:00,05:15,29.5,81.88,5.1,NSC,Mugu
2062-5-13,2005-08-28,11:00,05:15,27.31,87.22,5.3,NSC,Sankhuwasava
2062-4-25,2005-08-08,11:00,05:15,27.98,85.51,4.2,NSC,Sindhupalchowk
2062-4-13,2005-07-27,11:00,05:15,27.47,68.88,4.3,NSC,Solukhumbu
2062-3-1,2005-06-14,11:00,05:15,27.28,87.89,4.5,NSC,Tibet
2062-1-23,2005-05-05,11:00,05:15,27.69,87.7,4.1,NSC,Taplejung
2062-1-3,2005-04-15,11:00,05:15,27.92,85.71,4.1,NSC,Sindhupalchowk
2061-12-26,2005-04-07,11:00,05:15,29.35,81.88,4.2,NSC,Kalikot
2061-12-23,2005-04-04,11:00,05:15,28.54,83.31,4.1,NSC,Myagdi
2066-9-2,2009-12-16,11:00,05:15,29.6,81.51,4.6,NSC,Bajura
2066-9-1,2009-12-15,11:00,05:15,28.28,84.4,4.1,NSC,Lamjung
2066-8-8,2009-11-22,11:00,05:15,29.02,82.15,4.5,NSC,Jajarkot
2066-7-23,2009-11-08,11:00,05:15,30.11,81.91,4.3,NSC,Humla
2066-7-17,2009-11-02,11:00,05:15,27.87,87.94,4,NSC,Taplejung
2066-7-16,2009-11-01,11:00,05:15,30.1,81.81,4.5,NSC,Humla
2061-12-23,2005-04-04,11:00,05:15,28.56,83.18,4.1,NSC,Myagdi
2061-12-17,2005-03-29,11:00,05:15,28.15,84.37,4,NSC,Lamjung
2061-12-17,2005-03-29,11:00,05:15,28.04,84.74,4,NSC,Gorkha
2061-12-17,2005-03-29,11:00,05:15,28.14,84.8,4.1,NSC,Gorkha
2061-12-17,2005-03-29,11:00,05:15,28.11,84.77,4.4,NSC,Gorkha
2061-12-7,2005-03-19,11:00,05:15,28.25,84.39,5.4,NSC,Lamjung
2066-7-13,2009-10-29,11:00,05:15,28.73,83.11,4.1,NSC,Rukum
2066-6-11,2009-09-26,11:00,05:15,29.81,82.05,4.3,NSC,Humla
2066-4-19,2009-08-02,11:00,05:15,28.12,85.18,4,NSC,Rasuwa
2066-3-29,2009-07-12,11:00,05:15,27.71,86.36,4.3,NSC,Dolakha
2066-2-1,2009-05-14,11:00,05:15,27.43,87.35,4.2,NSC,Sankhuwasava
2066-2-1,2009-05-14,11:00,05:15,27.48,87.36,4.6,NSC,Sankhuwasava
2061-11-23,2005-03-05,11:00,05:15,28.27,84.39,5,NSC,Lamjung
2061-10-27,2005-02-08,11:00,05:15,27.76,86.07,5,NSC,Dolakha
2061-10-4,2005-01-16,11:00,05:15,29.68,81.14,5,NSC,Bajhang
2061-10-4,2005-01-16,11:00,05:15,29.81,81.04,4.5,NSC,Bajhang
2064-8-16,2007-12-01,11:00,05:15,28.05,85.28,4.1,NSC,Rasuwa
2064-7-20,2007-11-05,11:00,05:15,28.2,84.45,4.5,NSC,Lamjung
2064-7-13,2007-10-29,11:00,05:15,27.9,85.45,5,NSC,Nuwakot
2064-6-26,2007-10-12,11:00,05:15,27.75,86.12,4,NSC,Dolakha
2064-5-22,2007-09-07,11:00,05:15,28.05,85.33,4.2,NSC,Rasuwa
2064-5-22,2007-09-07,11:00,05:15,27.72,86.26,4.1,NSC,Dolakha
2066-1-1,2009-04-13,11:00,05:15,28.25,84.54,4.3,NSC,Lamjung
2066-1-1,2009-04-13,11:00,05:15,28.3,84.55,4,NSC,Lamjung
2065-11-30,2009-03-12,11:00,05:15,28.43,84.42,4.1,NSC,Lamjung
2065-11-26,2009-03-08,11:00,05:15,27.41,87.8,4.5,NSC,Taplejung
2065-10-11,2009-01-23,11:00,05:15,29.05,81.4,4.2,NSC,Achham
2065-9-27,2009-01-10,11:00,05:15,27.9,88.04,4.2,NSC,Taplejung
2072-9-16,2015-12-31,07:41,01:56,27.86,85.72,4.3,NSC,Sindhupalchowk
2064-4-27,2007-08-11,11:00,05:15,27.28,87.9,5.2,NSC,Taplejung
2064-4-22,2007-08-06,11:00,05:15,27.84,85.69,4.1,NSC,Sindhupalchowk
2064-4-19,2007-08-03,11:00,05:15,27.21,87.97,4.4,NSC,Panchthar
2064-4-19,2007-08-03,11:00,05:15,27.24,87.02,4,NSC,Bhojpur
2064-4-19,2007-08-03,11:00,05:15,27.2,87.04,4.3,NSC,Bhojpur
2073-8-14,2016-11-28,05:20,23:35,27.79,86.58,5.6,NSC/RSC,Ramechap/Solukhumbu
2074-9-14,2017-12-28,13:30,7:45,29.82,80.76,4.5,RSC/NSC,Darchula
2074-9-3,2017-12-18,17:18,11:33,27.96,85.68,4.2,NSC,Sindhupalchowk
2074-8-22,2017-12-08,08:36,02:51,27.63,86.19,5.2,NSC,Dolakha
2072-9-14,2015-12-28,03:52,22:07,27.7,86.12,4.2,NSC,Dolakha
2072-9-12,2015-12-26,10:33,04:48,29.35,81.29,4.1,NSC,Bajura
2072-9-8,2015-12-23,08:59,03:14,27.79,86.08,4.1,NSC,Dolakha
2072-9-3,2015-12-18,04:01,22:16,29.44,81.69,5.5,NSC/RSC,Bajura
2072-8-27,2015-12-13,08:45,03:00,28.04,85.02,4.1,NSC,Dhading
2064-4-19,2007-08-03,11:00,05:15,27.24,87.03,4.5,NSC,Bhojpur
2064-4-17,2007-08-01,11:00,05:15,29.49,81.91,4.6,NSC,Mugu
2064-4-15,2007-07-30,11:00,05:15,27.27,87.02,4.1,NSC,Bhojpur
2064-3-24,2007-07-07,11:00,05:15,28.08,85.3,4,NSC,Rasuwa
2064-3-4,2007-06-17,11:00,05:15,27.83,84.91,4.3,NSC,Dhading
2073-7-22,2016-11-06,21:47,16:02,29.69,81.05,4,RSC/NSC,Bajhang
2073-7-1,2016-10-17,10:03,04:18,27.87,85.3,4,NSC,Nuwakot
2073-6-29,2016-10-15,18:22,12:37,28.04,85.17,4.1,NSC,Rasuwa
2073-6-26,2016-10-12,14:14,08:29,27.66,85.95,4.1,NSC,Dolakha
2073-6-25,2016-10-11,12:53,07:08,27.67,85.95,4.6,NSC,Dolakha
2074-7-21,2017-11-06,08:54,03:09,29.78,81.28,4.5,RSC/NSC,Bajhang
2074-7-9,2017-10-26,18:36,12:51,29.08,81.45,4,NSC/RSC,Achham
2074-6-29,2017-10-15,05:02,23:17,28.5,83.32,4.2,NSC,Myagdi
2074-6-17,2017-10-02,07:07,01:22,28.83,82.55,4.1,NSC/RSC,Rukum
2074-6-5,2017-09-21,13:04,07:19,27.62,86.25,4.6,NSC,Dolakha
2074-5-8,2017-08-24,16:25,10:40,28.06,85.94,4.8,NSC,Sindhupalchok-Tibet border
2075-9-8,2018-12-22,05:06,23:21,27.85,85.76,4.7,NSC,Sindhupalchok
2075-7-8,2018-10-25,07:07,01:22,27.72,86.02,4.0,NSC,Sindhupalchok/Dolakha
2075-6-20,2018-10-06,10:52,05:07,28.94,81.72,4.3,RSC/NSC,Dailekh
2072-8-21,2015-12-07,07:27,01:42,27.86,86.19,4,NSC,Dolakha
2072-8-14,2015-11-30,06:10,00:25,27.78,85.39,4.1,NSC,Kathmandu
2072-8-11,2015-11-27,15:23,09:38,27.63,85.53,4.1,NSC,kavrepalanchok
2072-8-11,2015-11-27,16:22,10:37,27.11,87.95,4.6,NSC,Panchthar
2072-8-10,2015-11-25,00:42,18:57,27.87,85.77,4.1,NSC,Sindhupalchowk
2072-8-8,2015-11-24,18:09,12:24,28.15,84.81,4.4,NSC,Gorkha
2064-2-22,2007-06-04,11:00,05:15,27.44,83.89,4.2,NSC,Nepal-India Border
2064-2-3,2007-05-16,11:00,05:15,27.5,88.08,4.6,NSC,Nepal-India Border
2063-11-27,2007-03-10,11:00,05:15,29.47,81.73,4.5,NSC,Bajhang
2063-11-4,2007-02-15,11:00,05:15,29.83,81.45,5,NSC,Bajhang
2063-10-24,2007-02-06,11:00,05:15,28.36,83.43,4.2,NSC,Myagdi
2073-6-21,2016-10-07,10:37,04:52,27.65,86.13,4.2,NSc,Dolakha
2073-6-2,2016-09-18,22:57,17:12,27.91,85.77,4.6,NSC,Sindhupalchowk
2073-5-20,2016-09-05,06:22,00:37,27.82,86.14,4.1,NSC,Dolakha
2073-5-20,2016-09-05,07:49,02:04,27.78,86.35,4.5,NSC,Dolakha
2073-5-11,2016-08-27,17:48,12:03,29.81,81.56,4,RSC/NSC,Bajura
2074-5-6,2017-08-22,06:35,00:50,29.41,81.1,4.9,RSC/NSC,Bajhang
2074-5-5,2017-08-21,17:48,12:03,27.66,86.27,4.6,NSC,Dolakha
2074-4-9,2017-07-24,10:29,04:44,27.56,85.96,4,NSC,Dolakha
2074-4-1,2017-07-15,22:20,16:35,28.94,81.75,4,NSC/RSC,Dailekh
2074-3-18,2017-07-02,07:43,01:58,27.34,86.49,5.1,NSC,Okhaldhunga
2075-6-19,2018-10-05,21:45,16:00,28.93,81.70,4.0,RSC/NSC,Dailekh
2075-6-19,2018-10-05,12:53,07:08,28.94,81.74,4.0,RSC/NSC,Dailekh
2075-6-4,2018-09-19,01:42,19:57,28.57,82.88,4.0,NSC,East Rukum
2075-5-13,2018-08-29,23:35,17:50,27.79,87.41,4.2,NSC,Sankhuwasabha
2075-5-8,2018-08-24,18:16,12:31,27.50,88.04,4.5,NSC,Taplejung
2072-8-8,2015-11-24,17:00,11:15,27.87,85.29,4,NSC,Nuwakot
2072-8-7,2015-11-22,19:11,13:26,28.43,83.3,4.1,NSC/RSC,Myagdi
2072-8-5,2015-11-20,13:45,08:00,28.35,83.36,4,NSC/RSC,Baglung
2072-8-3,2015-11-19,17:44,11:59,27.77,85.88,4,NSC,Sindhupalchok
2072-8-3,2015-11-19,10:00,04:15,27.89,85.75,5.3,NSC,Sindupalchok
2072-8-1,2015-11-17,18:55,13:10,28.02,85.28,4.3,NSC,Rasuwa
2051-8-28,1994-12-13,11:00,05:15,28.7,82.88,4.6,N/A,Rukum
2051-8-27,1994-12-12,11:00,05:15,29.84,80.69,4.6,N/A,Darchula
2051-8-12,1994-11-27,11:00,05:15,29.72,81.56,4.5,N/A,Bajura
2051-8-6,1994-11-21,11:00,05:15,29.54,81.15,4.2,N/A,Bajhang
2051-7-8,1994-10-24,11:00,05:15,28.92,82,4.7,N/A,Jajarkot
2051-7-6,1994-10-22,11:00,05:15,29,82.26,4.6,N/A,Jajarkot
2051-6-10,1994-09-25,11:00,05:15,28.34,87.35,4.8,N/A,Sankhuwasabha
2063-10-24,2007-02-06,11:00,05:15,28.35,83.43,4.1,NSC,Myagdi
2063-10-23,2007-02-05,11:00,05:15,30.1,81.05,4.2,NSC,Darchula
2073-4-8,2016-07-23,11:59,06:14,27.99,84.71,4.1,NSC,Gorkha
2073-3-25,2016-07-08,04:08,22:23,27.84,86.16,4.1,NSC,Dolakha
2073-3-23,2016-07-07,17:38,11:53,27.92,85.66,4.4,NSC,Sindhupalchowk
2073-3-23,2016-07-07,14:44,08:59,28.31,84.35,4.3,NSC/RSC,Lamjung
2073-3-18,2016-07-02,06:08,00:23,29.64,81.28,4.4,RSC/NSC,Bajhang
2073-3-16,2016-06-29,14:55,09:10,29.63,81.28,5,RSC/NSC,Bajhang
2073-3-16,2016-06-29,15:11,09:26,29.63,81.24,4.2,RSC/NSC,Bajhang
2074-3-15,2017-06-28,00:09,18:24,27.66,86.41,4.2,NSC,Ramechhap
2074-3-1,2017-06-14,09:27,03:42,27.88,88.13,4.1,NSC,Taplejung-Tibet Border
2074-2-29,2017-06-12,17:39,11:54,27.62,86.1,4.1,NSC,Dolakha
2074-2-17,2017-05-30,23:23,17:38,29.64,80.97,4.1,RSC/NSC,Bajhang
2074-1-12,2017-04-24,20:49,15:04,29.75,81.31,4.1,NSC/RSC,Bajhang
2074-1-11,2017-04-24,17:04,11:19,27.86,85.77,4.2,NSC,Sindhupalchowk
2073-11-28,2017-03-10,07:28,01:43,30.37,81.57,4.1,RSC/NSC,Humla
2075-4-17,2018-08-02,14:32,08:47,27.66,86.10,4.2,NSC,Dolakha
2075-4-8,2018-07-24,17:44,11:59,27.94,85.51,4.3,NSC,Sindhupalchok
2075-4-8,2018-07-24,08:30,02:45,27.75,84.87,4.8,NSC,Dhading
2075-4-2,2018-07-18,11:15,05:30,29.02,81.51,4.2,RSC/NSC,Dailekh
2075-4-1,2018-07-17,22:52,17:07,27.82,84.81,4.4,NSC,Dhading
2075-3-29,2018-07-13,08:58,03:13,29.57,81.56,4.1,RSC/NSC,Bajura
2075-3-21,2018-07-05,07:21,01:36,28.11,85.04,4.1,NSC,Dhading
2072-7-26,2015-11-12,15:45,10:00,27.99,85.65,4.2,NSC,Sindupalchok
2072-7-14,2015-10-31,09:28,03:43,28.03,85.23,4.3,NSC,Rasuwa
2072-6-30,2015-10-17,23:46,18:01,27.8,86.3,4.2,NSC,Dolakha
2072-6-29,2015-10-16,14:28,08:43,27.71,86.16,4.2,NSC,Dolakha
2072-6-21,2015-10-08,21:58,16:13,27.96,85.54,4.1,NSC,Sindupalchowk
2072-6-21,2015-10-08,13:00,07:15,27.57,85.31,4,NSC,Lalitpur
2051-5-16,1994-08-31,11:00,05:15,26.09,79.51,6,N/A,India
2051-4-3,1994-07-17,11:00,05:15,29.37,81.52,5.5,N/A,Bajura
2051-3-11,1994-06-25,05:45,00:00,27.75,86.16,5.1,N/A,Dolakha
2073-3-8,2016-06-22,18:45,13:00,27.76,86.34,4.1,NSC,Dolakha
2073-3-7,2016-06-21,11:34,05:49,27.93,85.21,4.4,NSC,Nuwakot
2073-3-1,2016-06-14,05:12,23:27,28.03,84.64,4.3,NSC,Gorkha
2073-2-22,2016-06-03,05:10,23:25,27.96,85.62,4.4,NSC,Sindhupalchowk
2073-2-15,2016-05-28,15:24,09:39,27.94,85.5,4.6,NSC/RSC,Sindhupalchok
2073-2-12,2016-05-24,00:54,19:09,27.73,85.16,4.2,NSC/RSC,Dhading
2073-11-16,2017-02-27,10:06,04:21,27.38,86.13,4.7,NSC,Ramechhap
2073-11-16,2017-02-27,09:22,03:37,27.36,86.12,4.6,NSC,Ramechhap
2073-11-7,2017-02-18,06:00,00:15,27.79,84.8,4,NSC,Dhading
2073-10-28,2017-02-10,16:58,11:13,29.88,80.61,4.1,NSC/RSC,Darchula
2073-10-22,2017-02-04,17:58,12:13,27.73,86.08,4.4,NSC,Dolakha
2073-9-20,2017-01-03,00:26,18:41,29.71,81.57,4,RSC/NSC,Bajura
2075-3-14,2018-06-28,09:52,04:07,27.87,84.91,5.0,NSC,Dhading
2075-3-6,2018-06-20,10:00,04:15,27.31,87.9,4.7,NSC,Taplejung
2075-3-6,2018-06-20,09:54,04:09,27.36,88.01,4.8,NSC,Taplejung
2075-2-22,2018-06-05,07:19,01:34,29.68,81.65,4.9,RSC/NSC ,Bajura
2075-2-18,2018-06-01,21:07,15:22,27.68,86.11,4.3,NSC,Dolakha
2075-2-17,2018-05-31,21:45,16:00,28.90,81.77,4.3,RSC/NSC,Dailekh
2075-2-18,2018-05-31,02:17,20:32,28.17,84.89,4.1,NSC,gorkha
2075-2-10,2018-05-24,20:10,14:25,29.98,80.54,4.6,RSC/NSC,Dharchula
2072-6-21,2015-10-07,05:15,23:30,27.68,86.08,4.2,NSC,Dolakha
2072-6-19,2015-10-06,17:47,12:02,27.69,86.09,4.2,NSC,Dolakha
2072-6-18,2015-10-05,13:18,07:33,27.71,86.15,4.8,NSC,Dolakha
2072-6-18,2015-10-05,13:21,07:36,27.71,86.1,4.2,NSC,Dolakha
2072-6-12,2015-09-29,16:39,10:54,27.77,85.87,4.6,NSC,Sindhupalchowk
2072-6-13,2015-09-29,15:12,09:27,29.83,80.6,4.6,RSC,Darchula
2073-2-3,2016-05-15,04:30,22:45,27.93,85.5,4.4,NSC/RSC,Sindhupalchowk
2073-2-2,2016-05-14,05:05,23:20,27.97,85.55,4.3,NSC,Sindhupalchowk
2073-2-1,2016-05-13,01:09,19:24,27.69,86.24,4.1,NSC,Dolakha
2073-1-29,2016-05-11,14:37,08:52,28.01,84.68,4.5,NSC,Gorkha
2073-1-29,2016-05-11,07:04,01:19,28.01,84.94,4.4,NSC,Dhading
2073-1-23,2016-05-05,10:31,04:46,28.24,84.99,4.1,NSC,Gorkha/Dhading
2073-1-23,2016-05-04,11:17,05:32,29.38,81.88,4,RSC/NSC,Kalikot
2073-1-19,2016-04-30,12:28,06:43,29.54,81.1,4.2,RSC/NSC,Bajhang
2075-1-22,2018-05-05,20:49,15:04,27.74,88.13,4.4,NSC,Taplejung
2074-11-18,2018-03-02,10:51,05:06,27.70,86.33,4.6,NSC,Dolakha
2074-11-15,2018-02-26,00:45,19:00,27.7,86.33,4.7,NSC,Dolakha
2074-11-9,2018-02-21,21:44,15:59,28.07,85.96,4.3,NSC,Tibet	
2074-10-5,2018-01-19,08:38,02:53,27.72,86.01,4.3,NSC,Dolakha
2065-9-15,2008-12-29,11:00,05:15,30.13,82.03,4,NSC,Humla
2065-9-12,2008-12-26,11:00,05:15,30.09,81.9,4.5,NSC,Humla
2065-9-9,2008-12-23,11:00,05:15,28.19,84.39,4.4,NSC,Lamjung
2065-9-5,2008-12-19,11:00,05:15,30.1,81.91,4.4,NSC,Humla
2065-8-24,2008-12-08,11:00,05:15,30.15,81.86,6,NSC,Humla
2065-8-18,2008-12-02,11:00,05:15,27.32,87.99,5.4,NSC,Taplejung
2072-6-5,2015-09-22,12:17,06:32,27.74,85.07,4.5,NSC,Dhading
2072-6-4,2015-09-20,04:05,22:20,27.76,86.37,4,NSC,Dolakha
2072-5-30,2015-09-16,20:37,14:52,27.6,86.19,4.2,NSC,Dolakha
2072-5-23,2015-09-09,18:23,12:38,27.82,86.24,4,NSC,Dolakha
2072-5-18,2015-09-03,05:10,23:25,27.75,86.01,4.3,NSC,Sindhupalchowk
2072-5-17,2015-09-02,04:51,23:06,27.64,86.19,4.4,NSC,Dolakha
2073-1-14,2016-04-26,15:18,09:33,28.05,85.38,4.3,NSC,Rasuwa
2073-1-13,2016-04-24,02:16,20:31,28.08,85.13,4.2,NSC,Nuwakot
2073-1-10,2016-04-22,16:49,11:04,27.79,85.85,4,NSC,Sindhupalchowk
2073-1-10,2016-04-22,12:41,06:56,27.72,86.29,4,NSC,Dolakha
2072-12-30,2016-04-12,20:26,14:41,27.56,86.17,4.4,NSC,Dolakha
2072-12-27,2016-04-09,19:05,13:20,27.65,85.31,4.5,NSC,Lalitpur
2072-12-23,2016-04-04,09:40,03:55,29.81,81.51,4.3,RSC/NSC,Bajhang
2072-12-22,2016-04-04,10:16,04:31,27.72,86.09,4.7,NSC,Dolakha
2072-12-19,2016-03-31,04:26,22:41,27.93,85.59,4,NSC,Sindhupalchowk
2065-8-18,2008-12-02,11:00,05:15,27.3,88.03,4,NSC,Taplejung
2065-8-18,2008-12-02,11:00,05:15,27.3,87.99,4,NSC,Taplejung
2065-8-18,2008-12-02,11:00,05:15,27.29,87.92,4.3,NSC,Taplejung
2065-8-18,2008-12-02,11:00,05:15,27.34,87.92,4.1,NSC,Taplejung
2065-8-17,2008-12-01,11:00,05:15,28.18,85.29,4.8,NSC,Rasuwa
2065-6-22,2008-10-07,11:00,05:15,27.47,87.71,4.5,NSC,Taplejung
2065-5-26,2008-09-10,11:00,05:15,28.4,83.01,4.1,NSC,Baglung
2065-4-19,2008-08-02,11:00,05:15,28.18,85.29,4.4,NSC,Bajura
2065-3-7,2008-06-20,11:00,05:15,27.98,85.73,4.8,NSC,Sindhupalchowk
2072-5-14,2015-08-31,23:33,17:48,27.92,85.69,4.2,NSC,Sindhupalchowk
2072-5-13,2015-08-30,19:02,13:17,27.72,85.75,5,NSC,Sindhupalchowk
2072-5-13,2015-08-30,08:26,02:41,27.66,86.23,4.1,NSC,Dolakha
2072-5-14,2015-08-30,03:09,21:24,27.92,84.94,4.3,NSC,Dhading
2072-5-10,2015-08-27,06:07,00:22,28.12,84.89,4.1,NSC,Gorkha
2072-5-11,2015-08-27,00:51,19:06,27.85,85.74,4.2,NSC,Sindhupalchowk
2072-5-10,2015-08-26,13:31,07:46,30.11,81.53,4.1,RSC,Humla
2072-5-8,2015-08-25,15:08,09:23,27.68,86.22,4,NSC,Dolakha
2072-12-17,2016-03-30,18:11,12:26,27.89,85.73,4.7,NSC,Sindhupalchowk
2072-12-12,2016-03-24,05:26,23:41,27.75,88.04,4.1,NSC,Taplejung
2072-12-4,2016-03-17,10:59,05:14,27.34,86.27,4,NSC,Okhaldhunga
2072-12-3,2016-03-15,03:12,21:27,27.84,85.73,4.5,NSC,Sindhupalchowk
2072-11-30,2016-03-13,11:00,05:15,27.83,84.9,4.8,NSC,Dhading
2072-11-28,2016-03-11,15:13,09:28,27.9,85.87,4.2,NSC,Sindhupalchowk
2072-11-25,2016-03-07,13:50,08:05,30.22,81.7,4.4,NSC/RSC,Humla
2072-11-23,2016-03-06,07:10,01:25,27.69,85.93,4,NSC,Sindhupalchowk
2065-3-2,2008-06-15,11:00,05:15,29.73,80.96,5,NSC,Darchula
2065-2-21,2008-06-02,11:00,05:15,27.8,85.91,4.1,NSC,Sindhupalchowk
2065-2-8,2008-05-20,11:00,05:15,28.33,83.33,4.3,NSC,Baglung
2065-1-27,2008-05-08,11:00,05:15,27.5,87.52,4.2,NSC,Taplejung
2064-12-5,2008-03-17,11:00,05:15,29.76,81.53,4.6,NSC,Bajhang-Bajura border
2064-11-20,2008-03-02,11:00,05:15,29.69,81.76,4.4,NSC,Humla
2064-11-5,2008-02-16,11:00,05:15,26.8,86.25,4.2,NSC,Siraha
2064-11-3,2008-02-14,11:00,05:15,27.8,86.53,4.1,NSC,Taplejung
2072-5-6,2015-08-23,14:47,09:02,27.87,86.17,5.1,NSC,Dolakha
2072-5-4,2015-08-21,12:21,06:36,27.96,85.48,4,NSC,Nuwakot
2072-5-3,2015-08-20,11:47,06:02,28,85.29,4.6,NSC,Rasuwa
2072-5-2,2015-08-18,04:08,22:23,27.93,86.14,4.8,NSC,Dolakha
2072-4-30,2015-08-15,23:56,18:11,27.71,86.05,4.8,NSC,Dolakha
2072-4-30,2015-08-15,10:10,04:25,27.87,86.08,4.1,NSC,Dolakha
2072-4-29,2015-08-14,18:47,13:02,27.59,85.97,4.3,NSC,Dolakha
2072-11-18,2016-03-01,16:30,10:45,27.79,85.73,4.3,NSC,Sindhupalchowk
2072-11-12,2016-02-24,15:07,09:22,27.8,85.74,5.4,NSC,Sindhupalchok
2072-11-12,2016-02-23,08:45,03:00,27.47,87.15,4.5,NSC,Sankhuwasava
2072-11-9,2016-02-21,23:54,18:09,28.08,84.76,5.5,NSC,Gorkha
2072-11-9,2016-02-20,03:54,22:09,27.86,85.29,4.1,NSC,Nuwakot
2072-11-1,2016-02-13,20:22,14:37,27.81,85.72,4.3,NSC,Sindhupalchowk
2072-10-27,2016-02-10,22:12,16:27,27.84,85.71,4.6,NSC,Sindhupalchowk
2072-10-22,2016-02-05,22:05,16:20,27.95,85.52,5.5,NSC,Sindhupalchowk
2064-10-2,2008-01-15,11:00,05:15,27.37,86.53,4.1,NSC,Okhaldhunga
2072-4-29,2015-08-13,01:49,20:04,27.72,85.2,4,NSC,Kathmandu
2072-4-26,2015-08-11,10:42,04:57,27.7,85.29,4.3,NSC,Kathmandu
2072-4-26,2015-08-10,04:15,22:30,28.14,84.72,4.9,NSC,Gorkha
2072-4-25,2015-08-09,00:21,18:36,30.1,81.85,4,RSC/NSC,Humla
2072-4-24,2015-08-09,07:55,02:10,27.94,85.52,4.1,NSC,Sindupalchok
2072-4-23,2015-08-08,21:25,15:40,27.69,86.26,4.1,NSC,Dolakha
2072-4-23,2015-08-08,06:24,00:39,27.77,85.7,4,NSC,Sindupalchok
2072-4-22,2015-08-07,11:57,06:12,27.5,85.5,4.4,NSC,Kavre
2072-10-13,2016-01-27,20:42,14:57,26.68,86.27,4.2,NSC,Siraha
2072-10-14,2016-01-27,02:27,20:42,27.83,85.83,4.4,NSC,Sindhupalchowk
2072-10-9,2016-01-22,01:07,19:22,28.06,85.09,4.6,NSC,Nuwakot
2072-10-1,2016-01-15,22:59,17:14,27.65,86.23,4.3,NSC,Dolakha
2072-10-1,2016-01-15,18:50,13:05,27.63,86.25,4.1,NSC,Dolakha
2072-9-25,2016-01-09,23:28,17:43,27.48,86.01,4.4,NSC,Ramechhap
2072-9-20,2016-01-04,18:47,13:02,27.75,86.12,4.1,NSC,Dolakha
2072-9-19,2016-01-02,03:15,21:30,28.01,85.8,4.2,NSC,Sindhupalchowk
2072-4-21,2015-08-06,20:36,14:51,27.86,85.76,4.1,NSC,Sindupalchok
2072-4-20,2015-08-05,13:59,08:14,27.64,86.07,4.3,NSC,Dolakha
2072-4-20,2015-08-05,17:38,11:53,27.63,86.07,4.1,NSC,Dolakha
2072-4-16,2015-08-01,07:22,01:37,27.81,85.71,4.2,NSC,Sindupalchok
2072-4-14,2015-07-30,20:18,14:33,27.66,86.09,4.5,NSC/RSC,Dolakha
2072-4-12,2015-07-28,21:23,15:38,27.59,86.17,4.1,NSC,Dolakha
2072-4-12,2015-07-28,18:38,12:53,27.68,86.04,4,NSC,Dolakha
2072-4-12,2015-07-28,09:21,03:36,27.8,85.75,4.1,NSC,Sindupalchok
2072-4-11,2015-07-27,18:23,12:38,27.94,85.48,4.2,NSC,Nuwakot
2072-4-10,2015-07-26,09:30,03:45,27.68,86.22,4.1,NSC,Dolakha
2072-4-10,2015-07-26,10:03,04:18,27.85,85.75,4,NSC,Sindupalchok
2072-4-9,2015-07-25,20:04,14:19,27.66,86,4.5,NSC,Dolakha
2072-4-10,2015-07-25,00:05,18:20,27.61,86.28,4.3,NSC,Dolakha
2072-4-6,2015-07-22,22:14,16:29,27.7,85.32,4.6,NSC/RSC,Kathmandu
2072-4-5,2015-07-21,08:09,02:24,27.86,86.39,4.3,NSC,Dolakha
2072-4-2,2015-07-17,05:09,23:24,28.18,84.74,4,NSC,Gorkha
2072-3-31,2015-07-15,08:14,02:29,29.8,80.73,4.1,RSC,Darchula
2072-3-28,2015-07-13,17:39,11:54,27.63,86.09,4.2,NSC,Dolakha
2072-3-28,2015-07-13,16:01,10:16,28.06,85.34,4,NSC,Rasuwa
2072-3-27,2015-07-11,02:28,20:43,27.8,86.23,4.4,NSC,Dolakha
2072-3-24,2015-07-09,17:59,12:14,27.89,85.73,4.4,NSC,Sindupalchok
2072-3-23,2015-07-08,10:19,04:34,27.6,86.23,4.1,NSC,Dolakha
2072-3-23,2015-07-08,09:55,04:10,27.92,85.68,4.2,NSC,Sindhupalchok
2072-3-23,2015-07-07,15:16,09:31,29.69,81.74,4.6,RSC,Bajura
2072-3-23,2015-07-07,21:06,15:21,28.48,83.13,4.2,NSC/RSC,Baglung
2072-3-21,2015-07-06,21:14,15:29,27.96,85.75,4.4,NSC,Sindhupalchok
2072-3-21,2015-07-06,10:48,05:03,27.69,86.2,4.3,NSC,Dolakha
2072-3-20,2015-07-05,10:07,04:22,27.67,86.2,4.2,NSC,Dolakha
2072-3-21,2015-07-05,01:27,19:42,27.86,85.87,4.4,NSC,Sindupalchok
2072-3-20,2015-07-04,01:49,20:04,27.73,85,4.6,NSC,Dhading
2072-3-18,2015-07-02,05:26,23:41,27.67,85.54,4.1,NSC,Kavre
2072-3-17,2015-07-02,07:41,01:56,27.97,85.62,5,NSC,Sindhupalchowk
2072-3-16,2015-07-01,15:24,09:39,28.06,85.14,4,NSC,Nuwakot
2072-3-16,2015-07-01,09:12,03:27,27.71,86.12,4,NSC,Dolakha
2072-3-17,2015-07-01,03:33,21:48,27.8,85.74,4,NSC,Sindhupalchowk
2072-3-16,2015-06-30,03:31,21:46,27.55,85.79,4.4,NSC,Kavre
2072-3-15,2015-06-29,05:42,23:57,27.35,86.2,5,NSC,Ramechhap
2072-3-14,2015-06-29,23:27,17:42,27.92,85.68,4.1,NSC,Sindhupalchowk
2072-3-14,2015-06-29,23:34,17:49,27.93,85.64,4,NSC,Sindhupalchowk
2072-3-13,2015-06-28,22:01,16:16,27.92,85.66,4.3,NSC,Sindhupalchok
2072-3-11,2015-06-26,14:45,09:00,27.58,85.39,4.1,NSC,Lalitpur
2072-3-11,2015-06-26,18:02,12:17,27.74,86.28,4.2,NSC,Dolakha
2072-3-10,2015-06-25,23:51,18:06,27.94,85.49,4.2,NSC,Sindhupalchok
2072-3-10,2015-06-25,23:49,18:04,27.66,86.21,4.1,NSC,Dolakha
2072-3-10,2015-06-25,21:07,15:22,27.78,85.17,4.3,NSC,Nuwakot
2072-3-9,2015-06-24,14:59,09:14,27.85,85.75,4,NSC,Sindhupalchowk
2072-3-7,2015-06-22,13:19,07:34,27.67,86.17,4,NSC,Dolakha
2072-3-6,2015-06-21,19:26,13:41,27.8,86,4.3,NSC,Sindupalchok
2072-3-5,2015-06-20,18:08,12:23,28.65,82.76,5.4,NSC,Rukum
2072-3-6,2015-06-20,02:40,20:55,28.17,84.94,4.2,NSC,Gorkha
2072-3-5,2015-06-19,01:50,20:05,28.26,84.92,4,NSC,Gorkha
2072-3-3,2015-06-18,08:24,02:39,28.14,85.11,4.1,NSC,Dhading
2072-3-2,2015-06-17,08:00,02:15,28.27,85.94,5.1,NSC,Tibet
2072-3-2,2015-06-17,06:26,00:41,27.9,85.58,4,NSC,Sindhupalchok
2072-3-2,2015-06-17,06:14,00:29,27.91,85.59,5.2,NSC,Sindhupalchok
2072-3-2,2015-06-17,05:58,00:13,27.68,85.28,4.4,NSC,Kathmandu
2072-3-1,2015-06-16,21:56,16:11,27.7,86.16,4.1,NSC,Dolakha
2072-2-32,2015-06-15,15:52,10:07,27.87,85.72,4.1,NSC,Sindhupalchowk
2072-2-31,2015-06-14,05:59,00:14,27.8,85.15,4.2,NSC,Nuwakot
2072-2-31,2015-06-14,15:01,09:16,27.74,86.26,4.1,NSC,Dolakha
2072-2-30,2015-06-13,07:03,01:18,27.73,86.16,5.2,NSC,Dolakha
2072-2-29,2015-06-12,10:19,04:34,27.67,86.09,4.4,NSC,Dolakha
2072-2-30,2015-06-12,01:22,19:37,28.21,84.81,4.6,NSC,Gorkha
2072-2-28,2015-06-11,21:57,16:12,27.96,85.73,5.3,NSC,Sindhupalchowk
2072-2-28,2015-06-11,10:02,04:17,27.8,85.78,4.6,NSC,Sindhupalchowk
2072-2-29,2015-06-11,00:26,18:41,27.67,86.07,4,NSC,Dolakha
2072-2-28,2015-06-10,02:50,21:05,27.87,85.81,4.1,NSC,Sindhupalchowk
2072-2-27,2015-06-10,13:36,07:51,27.8,85.61,4.3,NSC,Sindhupalchowk
2072-2-27,2015-06-10,14:51,09:06,27.62,86.1,4.2,NSC,Dolakha
2072-2-24,2015-06-07,22:35,16:50,27.87,86.13,4.1,NSC,Dolakha
2072-2-24,2015-06-07,11:02,05:17,27.9,85.64,4.6,NSC,Sindhupalchowk
2072-2-23,2015-06-06,22:45,17:00,27.58,86.18,4,NSC,Dolakha
2072-2-24,2015-06-06,02:33,20:48,28.26,85.86,4.2,NSC,Tibet
2072-2-22,2015-06-05,10:02,04:17,27.79,85.78,4.1,NSC,Sindhupalchowk
2072-2-22,2015-06-05,14:16,08:31,27.7,85.22,4,NSC,Kathmandu
2072-2-21,2015-06-04,16:15,10:30,27.76,86.2,4,NSC,Dolakha
2072-2-20,2015-06-03,17:38,11:53,27.7,86.26,4.5,NSC,Dolakha
2072-2-20,2015-06-03,14:39,08:54,27.76,86.07,4.2,NSC,Dolakha
2072-2-20,2015-06-03,13:37,07:52,27.79,85.87,4.5,NSC,Sindhupalchowk
2072-2-21,2015-06-03,02:45,21:00,27.84,85.78,4.1,NSC,Sindhupalchowk
2072-2-19,2015-06-02,10:48,05:03,27.78,86.2,4,NSC,Dolakha
2072-2-20,2015-06-02,02:18,20:33,30,81.75,4.7,NSC/RSC,Humla
2072-2-19,2015-06-01,04:35,22:50,27.98,85.51,4,NSC,Sindhupalchowk
2072-2-18,2015-05-31,19:39,13:54,28.29,84.46,4.2,NSC,Lamjung
2070-7-18,2013-11-03,12:32,06:47,29.56,81.68,4.3,NSC,Bajura
2070-7-12,2013-10-28,07:22,01:37,27.36,87.37,4.3,NSC,Sankhuwasava
2070-6-28,2013-10-13,03:28,21:43,30.08,81.74,4.5,NSC,Humla
2070-6-18,2013-10-03,11:57,06:12,27.14,88.51,5.7,N/A,Sikkim
2070-6-7,2013-09-22,20:20,14:35,30.25,81.55,4.4,NSC,Humla
2070-5-28,2013-09-12,10:14,04:29,26.96,87.34,4.5,NSC,Dhankuta
2072-2-16,2015-05-30,03:58,22:13,27.79,85.17,4.5,NSC,Nuwakot
2072-2-17,2015-05-30,02:20,20:35,28.01,85.19,4,NSC,Rasuwa
2072-2-17,2015-05-30,07:37,01:52,27.75,85.21,4,NSC,Dhading
2072-2-15,2015-05-29,06:22,00:37,27.82,86.34,4.2,NSC,Dolakha
2072-2-16,2015-05-29,11:05,05:20,28.07,84.94,4.2,NSC,Dhading
2072-2-16,2015-05-29,14:15,08:30,28.17,84.72,4,NSC,Gorkha
2072-2-15,2015-05-29,18:15,12:30,28.01,84.84,4.8,NSC,Dhading
2072-2-16,2015-05-29,21:29,15:44,28,84.98,5.2,NSC,Dhading
2070-5-15,2013-08-30,23:33,17:48,28.43,86.03,6,N/A,Tibet
2070-3-14,2013-06-28,17:25,11:40,28.76,82.4,5.5,NSC/RSC,Rukum
2070-3-14,2013-06-27,12:05,06:20,30.05,80.8,4.4,NSC/RSC,Darchula
2070-3-12,2013-06-26,04:07,22:22,26.85,85.96,4.4,NSC/RSC,Dhanusha
2070-2-27,2013-06-09,21:56,16:11,27.31,86.7,4.2,NSC,Northern Khotang
2070-2-18,2013-05-31,11:49,06:04,29.74,81.6,4.5,NSC/RSC,Northern Bajura
2070-2-13,2013-05-26,23:23,17:38,27.72,85.91,4.2,NSC,Sindhupalchok
2072-2-15,2015-05-28,08:52,03:07,27.99,84.79,4,NSC,Dhading
2072-2-15,2015-05-28,09:25,03:40,27.95,84.8,4,NSC,Dhading
2072-2-15,2015-05-28,10:57,05:12,27.64,85.31,4,NSC,Kathmandu
2072-2-15,2015-05-28,11:14,05:29,27.77,86.25,4.2,NSC,Dolakha
2072-2-14,2015-05-28,17:21,11:36,27.59,86.19,4.2,NSC,Dolakha
2072-2-14,2015-05-28,17:59,12:14,27.59,86.16,4.1,NSC,Dolakha
2070-2-1,2013-05-14,15:44,09:59,29.65,81.98,4.5,NSC/RSC,Western Mugu
2070-2-1,2013-05-14,09:03,03:18,29.68,82,4.4,NSC,Mugu
2070-2-1,2013-05-14,08:58,03:13,29.56,82,4.3,NSC,Mugu
2070-1-16,2013-04-28,00:13,18:28,29.87,81.26,4.9,NSC,Northern Bajhang
2069-12-4,2013-03-17,17:44,11:59,26.74,86.08,4.2,NSC,Dhanusha
2069-11-24,2013-03-06,22:34,16:49,28.57,82.27,5.4,NSC,Rukum
2069-11-12,2013-02-22,08:26,02:41,28.39,83.18,4.1,NSC,Baglung
2069-10-26,2013-02-07,06:53,01:08,29.42,81.05,4,NSC,Bajhang
2072-2-14,2015-05-28,04:01,22:16,27.94,85.54,4,NSC,Sindhupalchowk
2072-2-13,2015-05-27,17:48,12:03,27.59,86.2,4.2,NSC,Dolakha
2072-2-14,2015-05-27,19:00,13:15,27.91,85.53,4.5,NSC,Sindhupalchowk
2072-2-14,2015-05-27,19:01,13:16,27.89,85.53,4.6,NSC,Sindhupalchowk
2072-2-13,2015-05-27,04:14,22:29,28.04,85.13,4.2,NSC,Nuwakot
2072-2-12,2015-05-26,04:37,22:52,28.02,85.26,5,NSC,Rasuwa
2072-2-13,2015-05-26,01:45,20:00,27.54,85.43,4.3,NSC,Lalitpur
2072-2-13,2015-05-26,00:24,18:39,27.71,86.05,4.1,NSC,Dolakha
2069-10-6,2013-01-18,02:44,20:59,29.48,81.26,4.5,NSC,Bajhang
2069-10-1,2013-01-13,23:20,17:35,26.84,86.22,4,NSC,Siraha
2069-9-26,2013-01-09,13:29,07:44,29.82,81.7,5.5,NSC/RSC,Northern part of Bajura
2069-9-19,2013-01-02,23:27,17:42,29.41,81,4.7,NSC/RSC,Bajhang and Doti border
2072-2-13,2015-05-26,19:56,14:11,27.84,86.24,4.3,NSC,Dolakha
2072-2-13,2015-05-26,23:33,17:48,27.63,86.3,4.1,NSC,Dolakha
2072-2-12,2015-05-25,09:08,03:23,28.01,84.68,5,NSC,Gorkha
2072-2-11,2015-05-25,16:45,11:00,27.71,86.07,4.1,NSC,Dolakha
2072-2-11,2015-05-25,04:01,22:16,27.74,86.19,4.4,NSC,Dolakha
2072-2-11,2015-05-24,12:51,07:06,27.67,86.18,4.2,NSC,Dolakha
2072-2-10,2015-05-24,16:23,10:38,27.76,86.28,4.4,NSC,Dolakha
2072-2-10,2015-05-24,17:31,11:46,27.84,86,4.2,NSC,Sindhupalchowk
2072-2-10,2015-05-24,18:40,12:55,27.8,86.29,4.4,NSC,Dolakha
2072-2-10,2015-05-24,05:00,23:15,27.76,86.26,4.3,NSC,Dolakha
2072-2-9,2015-05-23,04:11,22:26,27.9,85.51,4.4,NSC,Sindhupalchok
2072-2-10,2015-05-23,18:59,13:14,27.74,86.2,4.2,NSC,Dolakha
2072-2-9,2015-05-22,20:30,14:45,27.79,85.14,4.2,NSC,Nuwakot
2072-2-9,2015-05-22,22:29,16:44,28.05,85.08,4.8,NSC,Nuwakot
2072-2-9,2015-05-22,23:15,17:30,27.63,86.25,4.1,NSC,Dolakha
2072-2-9,2015-05-22,00:34,18:49,27.78,85.93,4,NSC,Sindhupalchowk
2072-2-9,2015-05-22,02:29,20:44,27.69,86.16,4.1,NSC,Dolakha
2072-2-9,2015-05-22,00:52,19:07,30.31,81.47,4.8,NSC,Humla
2072-2-8,2015-05-21,01:15,19:30,28.02,84.98,4,NSC,Dhading
2072-2-8,2015-05-21,20:41,14:56,27.93,85.46,4,NSC,Nuwakot
2072-2-8,2015-05-21,19:56,14:11,27.85,86.32,4.2,NSC,Dolakha
2072-2-6,2015-05-20,16:55,11:10,27.84,86.33,4.2,NSC,Dolakha
2072-2-7,2015-05-20,20:32,14:47,27.52,85.26,4.4,NSC,Lalitput
2072-2-6,2015-05-19,22:29,16:44,27.92,86.04,4.2,NSC,Sindhupalchowk
2072-2-5,2015-05-19,17:14,11:29,27.9,85.99,4,NSC,Sindhupalchowk
2072-2-6,2015-05-19,10:19,04:34,27.66,86.03,4.3,NSC,Dolakha
2072-2-4,2015-05-18,17:09,11:24,27.69,86.26,4,NSC,Dolakha
2072-2-5,2015-05-18,00:12,18:27,28.11,84.88,4.1,NSC,Dhading
2072-2-5,2015-05-18,14:56,09:11,27.71,86.07,4.2,NSC,Dolakha
2072-2-4,2015-05-17,10:45,05:00,27.73,86.06,4.4,NSC,Dolakha
2072-2-3,2015-05-17,17:15,11:30,27.48,85.87,4.6,NSC,Ramechhap
2072-2-4,2015-05-17,02:25,20:40,27.84,86.24,4.4,NSC,Dolakha
2072-2-3,2015-05-16,08:00,02:15,28.07,84.7,4,NSC,Gorkha
2072-2-3,2015-05-16,10:13,04:28,27.65,86.12,4.1,NSC,Dolakha
2072-2-3,2015-05-16,10:23,04:38,27.66,86.09,4.1,NSC,Dolakha
2072-2-3,2015-05-16,11:56,06:11,27.97,85.48,4,NSC,Nuwakot
2072-2-3,2015-05-16,12:16,06:31,28.13,84.89,4,NSC,Gorkha
2072-2-3,2015-05-16,15:09,09:24,27.7,85.85,4.2,NSC,Sindhupalchowk
2072-2-3,2015-05-16,15:20,09:35,27.45,85.31,4.2,NSC,Lalitpur
2072-2-3,2015-05-16,23:04,17:19,27.6,86.26,5.5,NSC,Dolakha
2072-2-3,2015-05-16,02:29,20:44,27.64,86.14,4.3,NSC,Dolakha
2072-2-2,2015-05-15,09:23,03:38,27.63,86.25,4.1,NSC,Dolakha
2072-2-2,2015-05-15,09:51,04:06,27.69,86.08,4.3,NSC,Dolakha
2072-2-2,2015-05-15,13:12,07:27,27.93,84.84,5.5,NSC,Dhading
2072-2-1,2015-05-15,16:36,10:51,27.92,84.84,4,NSC,Dhading
2072-2-2,2015-05-15,20:54,15:09,27.61,86.2,4.5,NSC,Dolakha
2072-2-1,2015-05-15,04:43,22:58,27.74,86.17,4,NSC,Dolakha
2072-2-1,2015-05-14,09:08,03:23,27.67,86.08,5,NSC,Dolakha
2072-2-1,2015-05-14,14:37,08:52,27.8,85.82,4,NSC,Sindupalchok
2072-2-1,2015-05-14,14:51,09:06,27.83,86.15,4.5,NSC,Dolakha
2072-2-1,2015-05-14,21:05,15:20,27.62,86.09,4.2,NSC,Dolakha
2072-2-1,2015-05-14,01:28,19:43,27.75,86.14,4,NSC,Dolakha
2072-2-1,2015-05-14,02:06,20:21,28.06,85.35,4.5,NSC,Rasuwa
2072-2-1,2015-05-14,02:35,20:50,27.71,86.04,4,NSC,Dolakha
2072-2-1,2015-05-14,03:25,21:40,27.84,85.84,4,NSC,Sindhupalchowk
2072-2-1,2015-05-14,08:58,03:13,27.66,86.07,4.1,NSC,Dolakha
2072-1-31,2015-05-14,06:01,00:16,27.92,86.31,4.3,NSC,Dolakha
2072-1-31,2015-05-13,03:21,21:36,27.7,86.15,4.1,NSC,Dolakha
2072-1-31,2015-05-13,07:52,02:07,27.68,85.3,4.2,NSC,Kathmandu
2072-1-31,2015-05-13,08:55,03:10,27.91,84.82,5.9,NSC,Dhading
2072-1-31,2015-05-13,10:23,04:38,27.82,86.47,4.3,NSC,Dolakha
2072-1-31,2015-05-13,13:53,08:08,27.65,86.18,4.4,NSC,Dolakha
2072-1-31,2015-05-13,14:13,08:28,27.75,86.25,4.4,NSC,Dolakha
2072-1-30,2015-05-13,16:18,10:33,27.79,86.19,4.6,NSC,Dolakha
2072-1-30,2015-05-13,17:56,12:11,27.69,86.11,4.7,NSC,Sindhupalchok
2072-1-30,2015-05-13,18:07,12:22,27.79,86.07,4.8,NSC,Dolakha
2072-1-30,2015-05-13,18:19,12:34,27.84,86.25,4.6,NSC,Dolakha
2072-1-31,2015-05-13,03:06,21:21,27.64,85.7,4,NSC,Kavrepalanchok
2072-1-31,2015-05-13,22:29,16:44,27.63,86.17,4.5,NSC,Dolakha
2072-1-31,2015-05-13,09:27,03:42,27.85,85.92,4.2,NSC,Sindhupalchok
2072-1-31,2015-05-13,21:22,15:37,27.85,86.29,4,NSC,Dolakha
2072-1-31,2015-05-13,20:15,14:30,27.6,86.16,4.3,NSC,Dolakha
2072-1-30,2015-05-13,18:23,12:38,27.68,86.17,5.1,NSC,Dolakha
2072-1-30,2015-05-12,19:36,13:51,27.8,85.94,5.1,NSC,Sindhupalchok
2072-1-30,2015-05-12,19:51,14:06,27.66,86.17,5.2,NSC,Dolakha
2072-1-30,2015-05-12,19:54,14:09,27.79,86.11,5,NSC,Dolakha
2072-1-30,2015-05-12,20:04,14:19,27.88,85.94,4.8,NSC,Sindhupalchok
2072-1-30,2015-05-12,20:05,14:20,27.68,86.23,4.7,NSC,Dolakha
2072-1-30,2015-05-12,20:09,14:24,27.69,86.21,4.7,NSC,Dolakha
2072-1-30,2015-05-12,20:32,14:47,27.8,86.12,4.7,NSC,Dolakha
2072-1-30,2015-05-12,19:31,13:46,27.68,86.04,4.3,NSC,Dolakha
2072-1-30,2015-05-12,19:18,13:33,27.63,86.17,4.8,NSC,Dolakha
2072-1-30,2015-05-12,19:13,13:28,27.69,86.24,5,NSC,Dolakha
2072-1-30,2015-05-12,18:47,13:02,27.84,86.17,5.8,NSC,Dolakha
2072-1-30,2015-05-12,20:29,14:44,27.76,86.31,5.3,NSC,Dolakha
2072-1-30,2015-05-12,19:43,13:58,27.8,85.83,5.3,NSC,Sindhupalchok
2072-1-30,2015-05-12,19:06,13:21,27.73,86.21,6.2,NSC/RSC,Dolakha
2072-1-29,2015-05-12,18:35,12:50,27.82,86.12,6.8,NSC/RSC,Dolakha
2072-1-30,2015-05-12,07:53,02:08,28.16,84.9,4.1,NSC,Gorkha
2072-1-29,2015-05-12,05:52,00:07,28.1,84.91,4,NSC,Dhading
2072-1-30,2015-05-12,20:59,15:14,27.7,86.01,4.2,NSC,Dolakha
2072-1-30,2015-05-12,21:14,15:29,27.8,85.95,4.2,NSC,Sindhupalchok
2072-1-29,2015-05-12,04:58,23:13,27.58,86.41,4.3,NSC,Ramechhap
2072-1-29,2015-05-12,04:02,22:17,27.68,86.04,4.2,NSC,Dolakha
2072-1-30,2015-05-12,00:32,18:47,27.89,85.88,4.4,NSC,Sindhupalchok
2072-1-30,2015-05-12,02:58,21:13,27.97,86.45,4.8,NSC,Tibet
2072-1-30,2015-05-12,02:29,20:44,28.03,86.36,4.1,NSC,Tibet
2072-1-30,2015-05-12,01:27,19:42,27.84,86.23,4.4,NSC,Dolakha
2072-1-30,2015-05-12,01:13,19:28,27.78,85.85,4.3,NSC,Sindhupalchok
2072-1-30,2015-05-12,00:38,18:53,27.72,85.97,4,NSC,Dolakha
2072-1-30,2015-05-12,23:58,18:13,27.7,86.04,4.7,NSC,Dolakha
2072-1-30,2015-05-12,23:28,17:43,27.71,86,4.3,NSC,Dolakha
2072-1-30,2015-05-12,22:51,17:06,27.72,86.2,4.6,NSC,Dolakha
2072-1-30,2015-05-12,22:36,16:51,27.62,86.16,4.7,NSC,Dolakha
2072-1-30,2015-05-12,22:11,16:26,27.76,86.24,4.4,NSC,Dolakha
2072-1-30,2015-05-12,22:05,16:20,27.73,86.11,5,NSC,Dolakha
2072-1-30,2015-05-12,22:01,16:16,27.69,86.05,4.2,NSC,Dolakha
2072-1-30,2015-05-12,21:45,16:00,27.57,86.29,4.8,NSC,Ramechhap
2072-1-30,2015-05-12,21:34,15:49,27.68,86.03,4.4,NSC,Dolakha
2072-1-29,2015-05-11,02:20,20:35,27.99,85.86,4.2,NSC,Sindhupalchowk
2072-1-28,2015-05-11,05:39,23:54,27.91,85.75,4,NSC,Sindhupalchowk
2072-1-28,2015-05-10,21:08,15:23,27.65,85.56,4.2,NSC,kavre
2072-1-27,2015-05-10,16:53,11:08,28.02,85.25,4,NSC,Rasuwa
2072-1-28,2015-05-10,08:29,02:44,26.94,86.67,4,NSC,Udayapur
2072-1-28,2015-05-10,12:19,06:34,27.88,86,4.4,NSC,Sindhupalchowk
2072-1-28,2015-05-10,07:35,01:50,28.04,85.96,4.2,NSC,Tibet
2072-1-27,2015-05-09,08:53,03:08,28.04,85.2,4.1,NSC,Rasuwa
2072-1-26,2015-05-08,20:50,15:05,28.01,85.41,4.2,NSC,Nuwakot
2072-1-26,2015-05-08,19:17,13:32,27.77,85.88,4.8,NSC,Sindhupalchowk
2072-1-26,2015-05-08,14:04,08:19,27.75,85.91,4.2,NSC,Sindhupalchowk
2072-1-26,2015-05-08,12:02,06:17,27.69,86.04,5,NSC,Dolakha
2072-1-26,2015-05-08,08:04,02:19,27.94,85.58,4,NSC,Sindhupalchowk
2072-1-25,2015-05-07,09:26,03:41,27.75,85.19,4.2,NSC,Nuwakot
2072-1-25,2015-05-07,13:41,07:56,27.79,85.16,4,NSC,Nuwakot
2072-1-24,2015-05-07,04:00,22:15,27.92,85.46,4,NSC,Nuwakot
2072-1-23,2015-05-06,04:04,22:19,28.04,85.26,4,NSC,Rasuwa
2072-1-24,2015-05-06,23:47,18:02,28.01,84.68,4.2,NSC,Gorkha
2072-1-23,2015-05-05,12:24,06:39,28.06,85.05,4,NSC,Dhading
2072-1-23,2015-05-05,22:08,16:23,27.74,86.03,4.3,NSC,Dolakha
2072-1-23,2015-05-05,22:45,17:00,27.96,86,4.2,NSC,Sindhupalchowk
2072-1-22,2015-05-04,10:44,04:59,27.75,85.87,4.2,NSC,Sindhupalchowk
2072-1-22,2015-05-04,12:45,07:00,27.69,85.99,4.3,NSC,Dolakha
2072-1-22,2015-05-04,15:39,09:54,27.97,85.21,4.2,NSC,Nuwakot
2072-1-21,2015-05-04,16:18,10:33,27.79,85.16,4,NSC,Nuwakot
2072-1-21,2015-05-04,16:21,10:36,27.8,85.16,4.1,NSC,Nuwakot
2072-1-22,2015-05-04,20:19,14:34,27.79,86.23,4.7,NSC,Dolakha
2072-1-22,2015-05-04,21:25,15:40,27.95,85.86,4.4,NSC,Sindhupalchowk
2072-1-22,2015-05-04,19:02,13:17,28.12,84.8,4,NSC,Gorkha
2072-1-22,2015-05-04,23:47,18:02,27.74,86,4.2,NSC,Dolakha
2072-1-21,2015-05-03,09:14,03:29,27.69,85.93,4.5,NSC,Sindhupalchowk
2072-1-20,2015-05-03,04:24,22:39,28.05,84.94,4,NSC,Dhading
2072-1-21,2015-05-03,11:32,05:47,28.08,85.04,4,NSC,Gorkha
2072-1-21,2015-05-03,13:45,08:00,27.98,84.87,4.1,NSC,Dhading
2072-1-20,2015-05-03,16:31,10:46,27.94,84.83,4.5,NSC,Dhading
2072-1-21,2015-05-03,23:05,17:20,27.8,85.11,4.9,NSC,Nuwakot
2072-1-21,2015-05-03,00:43,18:58,27.89,85.73,4,NSC,Sindhupalchowk
2072-1-21,2015-05-03,02:12,20:27,28.09,85.72,4.2,NSC,Sindhupalchowk
2072-1-20,2015-05-02,09:40,03:55,27.95,85.73,4.2,NSC,Sindhupalchowk
2072-1-20,2015-05-02,11:40,05:55,27.74,86.28,4.3,NSC,Dolakha
2072-1-20,2015-05-02,15:17,09:32,27.93,85.5,4.2,NSC,Sindhupalchowk
2072-1-19,2015-05-02,16:58,11:13,27.72,85.74,4,NSC,Sindhupalchowk
2072-1-19,2015-05-02,17:05,11:20,28.24,84.76,5.1,NSC,Gorkha
2072-1-20,2015-05-02,02:46,21:01,27.66,86.01,4.1,NSC,Dolakha
2072-1-18,2015-05-01,06:43,00:58,27.7,85.98,4.2,NSC,Dolakha
2072-1-19,2015-05-01,08:41,02:56,27.68,85.3,4,NSC,Kathmandu
2072-1-18,2015-05-01,16:20,10:35,27.75,85.95,4,NSC,Sindhupalchowk
2072-1-18,2015-05-01,17:13,11:28,28.04,85.33,4.5,NSC,Rasuwa
2072-1-19,2015-05-01,23:22,17:37,27.74,85.99,4,NSC,Dolakha
2072-1-19,2015-05-01,02:12,20:27,27.88,85.87,4.2,NSC,Sindhupalchowk
2072-1-18,2015-05-01,05:44,23:59,28.04,85.32,4,NSC,Rasuwa
2072-1-18,2015-04-30,12:07,06:22,27.93,84.83,4.7,NSC,Dhading
2072-1-18,2015-04-30,14:16,08:31,28.05,85.34,4.7,NSC,Rasuwa
2072-1-18,2015-04-30,19:14,13:29,27.65,86.09,4.1,NSC,Dolakha
2072-1-17,2015-04-30,05:04,23:19,27.92,85.87,4.3,NSC,Sindhupalchowk
2072-1-17,2015-04-29,19:02,13:17,28.04,85.37,4,NSC,Nuwakot
2072-1-17,2015-04-29,10:34,04:49,27.93,85.63,4,NSC,Sindhupalchowk
2072-1-17,2015-04-29,11:39,05:54,27.79,85.14,4.2,NSC,Nuwakot
2072-1-17,2015-04-29,21:09,15:24,27.86,84.89,4.5,NSC,Dhading
2072-1-17,2015-04-29,22:57,17:12,27.95,85.52,4.5,NSC,Sindhupalchowk
2072-1-16,2015-04-29,04:46,23:01,28.19,84.8,4.4,NSC,Gorkha
2072-1-15,2015-04-28,06:29,00:44,28.29,84.93,4.8,NSC,Gorkha
2072-1-16,2015-04-28,08:44,02:59,27.92,85.51,4.2,NSC,Sindhupalchowk
2072-1-16,2015-04-28,08:57,03:12,27.89,85.76,4.2,NSC,Sindhupalchowk
2072-1-16,2015-04-28,09:56,04:11,28.1,84.65,4.2,NSC,Gorkha
2072-1-16,2015-04-28,10:50,05:05,28.1,85.49,4.9,NSC,Sindhupalchok
2072-1-16,2015-04-28,13:30,07:45,27.81,86.09,4.2,NSC,Dolakha
2072-1-16,2015-04-28,14:25,08:40,27.76,85.8,4,NSC,Sindhupalchowk
2072-1-15,2015-04-28,17:53,12:08,27.96,85.55,4,NSC,Sindhupalchowk
2072-1-16,2015-04-28,20:55,15:10,27.83,85.83,4,NSC,Sindhupalchowk
2072-1-16,2015-04-28,22:29,16:44,27.78,85.17,4,NSC,Nuwakot
2072-1-16,2015-04-28,22:48,17:03,27.88,85.88,4.2,NSC,Sindhupalchowk
2072-1-15,2015-04-28,03:52,22:07,28.2,84.78,4,NSC,Gorkha
2072-1-15,2015-04-27,10:12,04:27,27.82,85.76,4.4,NSC,Sindhupalchowk
2072-1-15,2015-04-27,10:02,04:17,27.57,85.74,4.5,NSC,Kavrepalanchowk
2072-1-15,2015-04-27,10:00,04:15,27.56,85.73,4.2,NSC,Kavrepalanchowk
2072-1-15,2015-04-27,09:22,03:37,27.75,85.2,4.1,NSC,Kathmandu
2072-1-14,2015-04-27,06:24,00:39,28.26,85.1,4.5,NSC,Rasuwa
2072-1-15,2015-04-27,12:09,06:24,27.77,85.12,4.7,NSC,Nuwakot
2067-9-4,2010-12-18,11:00,05:15,28.18,84.79,4.1,NSC,Gorkha
2067-8-20,2010-12-05,11:00,05:15,29.57,81.699,4.2,NSC,Bajura
2067-8-15,2010-11-30,11:00,05:15,26.93,85.79,4.4,NSC,Mahottari
2067-8-10,2010-11-25,11:00,05:15,28.38,82.32,4.5,NSC,Salyan
2067-8-10,2010-11-25,11:00,05:15,28.44,83.17,4.7,NSC,Baglung
2072-1-15,2015-04-27,14:03,08:18,27.67,85.55,4.2,NSC,Kavrepalanchowk
2072-1-15,2015-04-27,15:44,09:59,28.24,85.23,4.3,NSC,Rasuwa
2072-1-14,2015-04-27,05:15,23:30,28.19,85.03,4,NSC,Dhading
2072-1-14,2015-04-27,04:24,22:39,27.82,85.89,4.2,NSC,Sindhupalchowk
2072-1-15,2015-04-27,03:21,21:36,27.67,85.29,4.5,NSC,Kathmandu
2067-7-1,2010-10-17,11:00,05:15,28.64,85.71,5,NSC,Tibet
2067-5-17,2010-09-01,11:00,05:15,28.23,84.37,4,NSC,Lamjung
2067-2-31,2010-06-13,11:00,05:15,29.4,81.38,4.5,NSC,Bajura
2067-2-31,2010-06-13,11:00,05:15,28.01,86.77,4,NSC,Solukhumbu
2067-2-31,2010-06-13,11:00,05:15,29.6,81.65,4.8,NSC,Bajura
2067-1-31,2010-05-13,11:00,05:15,28.3,84.51,4.2,NSC,Lamjung
2072-1-15,2015-04-27,21:02,15:17,27.8,85.12,4,NSC,Nuwakot
2072-1-14,2015-04-27,15:50,10:05,27.93,85.86,4,NSC,Sindhupalchowk
2072-1-14,2015-04-26,08:34,02:49,27.98,84.99,4,NSC,Gorkha
2072-1-14,2015-04-26,10:46,05:01,27.99,85.02,5.5,NSC,Nuwakot
2072-1-14,2015-04-26,11:10,05:25,27.69,85.25,4,NSC,Kathmandu
2072-1-14,2015-04-26,11:11,05:26,27.67,86.07,4.5,NSC,Dolakha
2072-1-14,2015-04-26,11:17,05:32,28.05,85.34,4,NSC,Rasuwa
2072-1-14,2015-04-26,11:45,06:00,27.67,85.28,4,NSC,Kathmandu
2067-1-18,2010-04-30,11:00,05:15,27.75,86.36,4,NSC,Dolakha
2067-1-2,2010-04-14,11:00,05:15,28.31,83.09,4.2,NSC,Baglung
2067-1-1,2010-04-13,11:00,05:15,29.37,81.34,4.5,NSC,Bajura
2066-11-18,2010-03-01,11:00,05:15,29.76,83.11,4.3,NSC,Bajura
2066-11-17,2010-02-28,11:00,05:15,28.4,81.52,4.1,NSC,Baglung
2066-11-14,2010-02-25,11:00,05:15,29.78,81.52,4.6,NSC,Bajhang
2066-11-6,2010-02-17,11:00,05:15,26.79,86.08,4.1,NSC,Dhanusa
2072-1-14,2015-04-26,12:01,06:16,27.84,85.12,4,NSC,Nuwakot
2072-1-14,2015-04-26,14:28,08:43,28.32,84.73,4.5,NSC,Gorkha
2072-1-14,2015-04-26,08:02,02:17,27.6,85.96,4.8,NSC,Sindhupalchowk
2066-10-5,2010-01-18,11:00,05:15,28.37,83.97,4.1,NSC,Kaski
2072-1-14,2015-04-26,08:37,02:52,27.82,85.8,4.8,NSC,Sindhupalchowk
2072-1-13,2015-04-26,05:59,00:14,27.94,85.55,4.1,NSC,Sindhupalchowk
2072-1-13,2015-04-26,06:28,00:43,27.71,85.43,4.6,NSC,Kathmandu
2072-1-14,2015-04-26,07:14,01:29,27.93,85.56,4.1,NSC,Sindhupalchowk
2072-1-14,2015-04-26,07:34,01:49,28.05,85.35,4,NSC,Rasuwa
2072-1-14,2015-04-26,07:37,01:52,28.14,84.71,4.2,NSC,Gorkha
2072-1-14,2015-04-26,07:41,01:56,27.93,85.56,4.4,NSC,Sindhupalchowk
2072-1-14,2015-04-26,07:53,02:08,28.25,85.83,4,NSC,Rasuwa
2072-1-14,2015-04-26,07:59,02:14,28.24,84.82,4.3,NSC,Gorkha
2072-1-14,2015-04-26,14:40,08:55,27.8,85.16,5.1,NSC,Nuwakot
2072-1-14,2015-04-26,14:51,09:06,27.64,85.63,5,NSC,Kavre
2072-1-14,2015-04-26,02:02,20:17,27.79,85.15,4,NSC,Nuwakot
2072-1-14,2015-04-26,02:14,20:29,27.72,85.97,4.5,NSC,Sindhupalchowk
2072-1-14,2015-04-26,02:27,20:42,28.31,84.97,4.5,NSC,Gorkha
2072-1-14,2015-04-26,03:32,21:47,27.65,85.97,4,NSC,Dolakha
2072-1-13,2015-04-26,03:53,22:08,27.67,85.3,4,NSC,Kathmandu
2072-1-13,2015-04-26,03:55,22:10,27.95,85.87,5.3,NSC,Sindhupalchowk
2072-1-13,2015-04-26,04:27,22:42,27.83,86.06,4,NSC,Dolakha
2072-1-13,2015-04-26,05:36,23:51,27.91,85.55,4.2,NSC,Sindhupalchowk
2072-1-14,2015-04-26,00:53,19:08,27.68,85.95,4,NSC,Dolakha
2072-1-14,2015-04-26,00:41,18:56,27.89,85.6,5,NSC,Sindhupalchowk
2072-1-13,2015-04-26,16:20,10:35,28.04,85.5,4.5,NSC,Sindhupalchowk
2072-1-13,2015-04-26,16:28,10:43,28.26,85.02,4.8,NSC,Gorkha
2072-1-13,2015-04-26,18:39,12:54,27.84,86.05,6.9,NSC,Dolakha
2072-1-14,2015-04-26,18:57,13:12,27.75,85.94,5.3,NSC,Sindhupalchowk
2072-1-14,2015-04-26,19:07,13:22,27.94,86.05,5,NSC,Tibet
2072-1-14,2015-04-26,20:10,14:25,27.79,86,4.8,NSC,Sindhupalchowk
2072-1-14,2015-04-26,20:16,14:31,27.97,85.81,4.5,NSC,Sindhupalchowk
2072-1-14,2015-04-26,21:12,15:27,27.77,85.91,4.5,NSC,Sindhupalchowk
2072-1-12,2015-04-25,15:15,09:30,28,85.6,5.5,NSC/RSC,Sindhupalchowk
2072-1-13,2015-04-25,21:13,15:28,28.29,85.16,4.6,NSC/RSC,Rasuwa
2072-1-13,2015-04-25,21:53,16:08,27.87,85.8,4.1,NSC/RSC,Sindhupalchowk
2072-1-12,2015-04-25,16:25,10:40,27.86,85.85,4,NSC/RSC,Sindhupalchowk
2072-1-12,2015-04-25,16:50,11:05,27.91,85.5,4.6,NSC/RSC,Sindhupalchowk
2072-1-12,2015-04-25,17:26,11:41,28.14,85.28,4.1,NSC/RSC,Rasuwa
2072-1-12,2015-04-25,18:02,12:17,28,85.4,4.9,NSC/RSC,Nuwakot
2072-1-12,2015-04-25,18:29,12:44,28.16,84.71,5.5,NSC/RSC,Gorkha
2072-1-12,2015-04-25,14:48,09:03,27.91,85.33,5.3,NSC/RSC,Nuwakot
2072-1-12,2015-04-25,14:40,08:55,27.65,85.63,5.7,NSC/RSC,Kabre
2053-9-15,1996-12-29,11:00,05:15,29.75,81.828,5.2,RSC,Humla
2053-9-8,1996-12-22,11:00,05:15,29.012,81.726,4.4,RSC,Dailekh
2053-8-19,1996-12-03,11:00,05:15,27.39,86.842,5.3,NSC,Solukhumbu
2053-7-24,1996-11-08,11:00,05:15,29.667,81.699,4.9,RSC,Humla
2072-1-12,2015-04-25,14:14,08:29,28.18,84.95,5.2,NSC/RSC,Gorkha
2072-1-12,2015-04-25,15:28,09:43,28.29,85.16,4.6,NSC,Rasuwa
2072-1-12,2015-04-25,16:08,10:23,27.87,85.8	,4.1,NSC,Sindhupalchowk
2072-1-12,2015-04-25,11:56,06:11,28.24,84.75,7.6,NSC/RSC,Gorkha
2072-1-12,2015-04-25,12:30,06:45,28.28,84.72,6.6,NSC/RSC,Gorkha
2053-7-20,1996-11-04,11:00,05:15,29.63,81.859,4.9,RSC,Mugu
2053-7-1,1996-10-16,11:00,05:15,28.778,79.951,4.4,RSC,
2053-3-27,1996-07-10,11:00,05:15,29.616,81.981,4.6,RSC,Mugu
2053-1-15,1996-04-26,11:00,05:15,27.935,87.705,5.3,NSC,Taplejung
2052-11-17,1996-02-28,11:00,05:15,27.122,86.766,4.8,NSC,Udayapur
2072-1-12,2015-04-25,12:41,06:56,28.13,85.65,5.7,NSC/RSC,Rasuwa
2072-1-12,2015-04-25,12:53,07:08,28.2,85.75,5.3,NSC/RSC,Rasuwa
2072-1-12,2015-04-25,14:02,08:17,27.78,85.84,5.2,NSC/RSC,Sindhupalchowk
2072-1-12,2015-04-25,14:05,08:20,27.9,84.86,5.1,NSC/RSC,Dhading
2072-1-12,2015-04-25,19:15,13:30,28.1,85.2,4.7,NSC/RSC,Rasuwa
2072-1-12,2015-04-25,19:38,13:53,27.79,85.16,4.1,NSC/RSC,Nuwakot
2072-1-12,2015-04-25,05:25,23:40,28.1,85.27,4,NSC,Rasuwa
2072-1-12,2015-04-25,05:31,23:46,27.78,85.98,4.1,NSC,Sindhupalchowk
2072-1-12,2015-04-25,12:23,06:38,28.41,85.8,5.5,NSC,Tibet
2072-1-12,2015-04-25,13:32,07:47,27.99,85.71,5.1,NSC,Tibet
2072-1-12,2015-04-25,05:12,23:27,28.34,85.91,5.6,NSC,Tibet
2072-1-12,2015-04-25,18:24,12:39,27.82,86.05,4.5,NSC,Dolakha
2072-1-13,2015-04-25,01:06,19:21,27.69,86.02,4.9,NSC,Dolakha
2072-1-13,2015-04-25,02:06,20:21,27.6,86.09,4.5,NSC,Dolakha
2072-1-12,2015-04-25,05:10,23:25,27.78,85.17,4,NSC,Nuwakot
2072-1-12,2015-04-25,05:09,23:24,27.9,85.53,4,NSC,Sindhupalchowk
2072-1-12,2015-04-25,05:04,23:19,27.77,85.83,4.1,NSC,Sindhupalchowk
2072-1-12,2015-04-25,04:16,22:31,27.8,85.29,4,NSC,Nuwakot
2072-1-12,2015-04-25,03:57,22:12,27.92,85.64,5.3,NSC,Sindhupalchowk
2072-1-13,2015-04-25,02:47,21:02,27.95,85.56,4.2,NSC,Sindhupalchowk
2072-1-13,2015-04-25,02:21,20:36,28.14,85.16,4.4,NSC,Rasuwa
2072-1-13,2015-04-25,02:10,20:25,27.73,85.9,5,NSC,Sindhupalchowk
2072-1-13,2015-04-25,01:53,20:08,28.05,85.25,4.1,NSC,Rasuwa
2072-1-13,2015-04-25,01:40,19:55,27.73,85.9,4.7,NSC,Sindhupalchowk
2072-1-13,2015-04-25,01:32,19:47,27.68,85.32,4.1,NSC,Kathmandu
2072-1-11,2015-04-23,07:42,01:57,28.4,83.99,4.1,NSC,Kaski
2072-1-10,2015-04-22,12:59,07:14,28.8,81.92,4.5,NSC,Jajarkot
2072-1-9,2015-04-21,01:37,19:52,28.85,82.18,5.1,NSC,Jajarkot
2071-11-2,2015-02-14,04:36,22:51,27.42,87.01,4.5,NSC,Bhojpur
2071-10-18,2015-01-31,01:29,19:44,28.29,83.73,5.5,NSC,Kaski
2071-10-9,2015-01-22,15:12,09:27,29.36,81.03,4.4,RSC,Doti
2071-9-23,2015-01-06,07:11,01:26,29.07,81.51,4.5,NSC,Dailekh
2076-1-11,2019-04-24,06:40,00:55,27.70,85.14,4.3,NSC,Dhading
2076-1-11,2019-04-24,06:29,00:44,27.69,85.17,5.2,NSC,Dhading
2076-1-3,2019-04-16,12:35,06:50,28.00,84.76,4.5,NSC,Gorkha
2076-1-2,2019-04-14,04:27,22:42,29.49,81.24,4.8,RSC/NSC,Bajhang
2075-12-30,2019-04-13,10:25,04:40,28.03,85.38,4.6,NSC,Rasuwa
2075-12-26,2019-04-09,13:05,07:20,27.76,86.27,4.2,NSC,Dolakha
2075-12-18,2019-04-01,20:47,15:02,28.98,81.69,4.1,RSC/NSC,Dailekh
2075-12-4,2019-03-18,09:01,03:16,27.63,85.16,4.1,NSC,Makawanpur
2075-11-14,2019-02-26,16:20,10:35,27.84,85.95,4.1,NSC,Sindhupalchok
2075-11-14,2019-02-26,16:15,10:30,27.66,86.00,4.4,NSC,Dolakha
2075-11-4,2019-02-16,20:34,14:49,27.68,85.27,4.0,NSC,Kathmandu
2075-11-2,2019-02-14,17:11,11:26,27.81,88.18,4.6,NSC,Taplejung
2075-10-8,2019-01-22,22:30,16:45,27.09,86.96,4.5,NSC,Bhojpur
2069-9-8,2012-12-22,11:50,06:05,28.27,82.84,4.5,NSC,Rolpa and Pyuthan border
2069-8-20,2012-12-04,08:46,03:01,28.88,82.34,4,NSC,North East Jajarkot
2069-7-27,2012-11-12,18:27,12:42,29.55,81.31,4.5,NSC,Bajhang
2075-9-26,2019-01-10,11:34,05:49,27.60,86.31,4.5,NSC,Ramechhap
2069-7-27,2012-11-11,00:24,18:39,29.51,81.13,5.6,NSC/RSC,Southern Bajhang
2069-7-7,2012-10-22,12:41,06:56,27.95,87.86,4.5,NSC,Around Kanchanjunga
2069-6-2,2012-09-17,15:30,09:45,28.59,82.41,4.4,NSC/RSC,Southern Rukum
2069-5-15,2012-08-30,19:56,14:11,28.61,82.43,4.5,NSC/RSC,Southern Rukum
2069-5-14,2012-08-29,01:39,19:54,28.4,82.79,4.3,NSC/RSC,Northern Rolpa
2069-5-13,2012-08-28,14:16,08:31,28.73,81.81,4.4,NSC/RSC,Southeastern Dailekh 
2069-5-8,2012-08-24,06:02,00:17,28.38,82.66,4.4,NSC/RSC,Rolpa
2069-5-9,2012-08-24,09:40,03:55,28.42,82.75,5.2,NSC/RSC,Rolpa-Rukum border region
2069-5-8,2012-08-23,22:27,16:42,28.39,82.73,4.4,NSC/RSC,Rolpa
2069-5-8,2012-08-23,22:15,16:30,28.38,82.84,5.6,NSC/RSC,Rolpa - Rukum border region
2069-4-23,2012-08-06,07:38,01:53,27.77,88.13,4.2,NSC,Northern Taplejung
2069-4-16,2012-07-31,17:50,12:05,28.55,82.37,4.2,NSC/RSC,Southern Rukum
2069-4-16,2012-07-31,17:43,11:58,28.53,82.42,4.8,NSC/RSC,Southern Rukum
2069-4-16,2012-07-31,17:35,11:50,28.58,82.48,5,NSC/RSC,Southern Rukum
2069-4-14,2012-07-28,11:33,05:48,30.12,80.54,5,NSC/RSC,India (close to Darchula)
2069-3-28,2012-07-11,23:08,17:23,29.43,81.03,4.9,NSC,Southern Bajhang
2069-3-18,2012-07-01,13:39,07:54,27.27,88.05,4,NSC,Panchthar - Sikkim border
2052-6-18,1995-10-04,11:15,05:30,28.27,84.44,4.7,NSC,Lamjung
2052-4-23,1995-08-07,11:00,05:15,25.75,86.24,4.5,NSC,India
2052-4-23,1995-08-07,11:00,05:15,29.88,81.63,5,RSC,Bajura
2052-4-19,1995-08-03,11:00,05:15,30.04,81.54,4.8,RSC,Humla
2069-3-2,2012-06-15,22:00,16:15,28.99,81.58,4.2,NSC,Dailekh
2069-2-30,2012-06-11,10:20,04:35,27.25,88,4.5,NSC,Panchthar - Sikkim border
2069-2-28,2012-06-09,13:39,07:54,28.32,84.17,5.1,NSC,Kaski
2069-2-18,2012-05-30,15:19,09:34,27.31,87.88,4.2,NSC,Taplejung
2069-1-5,2012-04-17,04:58,23:13,28.5,82.06,4.2,NSC/RSC,Salyan
2068-12-30,2012-04-11,08:37,02:52,29.55,81.24,4.3,NSC/RSC,Bajhang
2052-3-8,1995-06-21,11:00,05:15,21.81,85.27,6,NSC,India
2052-2-29,1995-06-11,11:00,05:15,27.22,87.95,4.2,NSC,Taplejung
2052-1-5,1995-04-17,11:00,05:15,29.51,81.71,4.7,RSC,Bajura
2051-11-7,1995-02-18,11:00,05:15,27.74,85.88,4.6,NSC,Kavrepalanchowk
2051-10-17,1995-01-30,11:00,05:15,29.32,82.19,4.3,RSC,Jumla
2051-10-17,1995-01-30,11:00,05:15,29.38,82.3,4.2,RSC,Jumla
2051-10-16,1995-01-29,11:00,05:15,26.85,86.11,4.5,NSC,Dhanusa
2068-12-14,2012-03-27,05:25,23:40,26.12,87.87,5.2,NSC,Jhapa-India Border Region
2068-12-7,2012-03-19,02:21,20:36,28.7,82.02,4.7,N/A,Karkigaun-Jajarkot
2068-11-14,2012-02-26,04:41,22:56,29.71,81.02,4.4,NSC,Bajhang-Darchula border
2068-11-14,2012-02-26,04:53,23:08,29.86,81.05,4.9,NSC,Bajhang-Darchula border
2068-11-3,2012-02-14,19:33,13:48,27.33,88.03,4.4,NSC,Taplejung
2068-11-3,2012-02-14,19:26,13:41,27.38,88.11,4.5,NSC,Taplejung-Sikkim Border
2068-10-23,2012-02-05,01:51,20:06,27.25,88.07,4,N/A,Panchthar
2068-10-11,2012-01-24,09:52,04:07,26.84,86.43,4,NSC,Siraha
2051-10-6,1995-01-19,11:00,05:15,28.35,83.44,4.3,NSC,Magdi
2068-10-5,2012-01-19,06:31,00:46,29.73,81.91,4.6,NSC,Humla
2068-10-4,2012-01-18,17:01,11:16,26.63,86.4,4.5,NSC,Siraha
2068-9-28,2012-01-11,14:44,08:59,28.89,81.89,4.2,NSC,Dailekh
2055-8-11,1998-11-26,11:00,05:15,27.859,87.814,5.4,NSC,Taplejung
2055-6-31,1998-10-16,11:00,05:15,28.077,85.66,4.9,NSC,Sindhupalchowk
2055-5-26,1998-09-10,11:00,05:15,27.444,88.33,5,NSC,Taplejung
2055-5-22,1998-09-06,11:00,05:15,27.797,87.015,4.7,NSC,Solukhumbu
2055-5-19,1998-09-03,11:00,05:15,27.873,86.964,5.6,NSC,Solukhumbu
2055-3-32,1998-07-15,11:00,05:15,29.551,81.247,5.1,NSC,Bajhang
2055-3-14,1998-06-27,11:00,05:15,27.866,85.812,5,NSC,Sankhuwasabha
2055-2-3,1998-05-16,11:00,05:15,26.76,84.817,4.8,NSC,Parsa
2055-1-28,1998-05-10,11:00,05:15,29.41,82.38,4.7,RSC,Jumla
2054-11-17,1998-02-28,11:00,05:15,27.15,87.86,5,NSC,Panchthar
2054-11-11,1998-02-22,11:00,05:15,28.72,85.52,5.5,NSC,Tibet
2054-11-1,1998-02-12,11:00,05:15,27.59,88.19,4.6,NSC,Taplejung
2056-8-26,1999-12-11,11:00,05:15,30.159,81.563,4.6,NSC,Humla
2056-6-4,1999-09-20,11:00,05:15,27.38,87.897,4.5,NSC,Taplejung 	
2056-5-10,1999-08-25,11:00,05:15,28.157,84.742,4.5,NSC,Gorkha
2056-4-26,1999-08-10,11:00,05:15,27.795,86.208,5.7,NSC,Dolakha
2055-12-25,1999-04-07,11:00,05:15,29.596,81.226,4.4,RSC,Bajhang
2055-12-15,1999-03-28,11:00,05:15,30.498,79.257,6.5,RSC,Chamauli/India
2055-12-6,1999-03-19,11:00,05:15,27.934,85.834,4.8,NSC,Sindhupalchowk
2055-11-8,1999-02-19,11:00,05:15,29.867,80.618,4.6,RSC,Darchula
2055-10-29,1999-02-11,11:00,05:15,28.61,83.348,4.7,NSC,Myagdi
2054-8-24,1997-12-08,11:00,05:15,27.19,86.85,5,NSC,Khotang
2054-8-13,1997-11-27,11:00,05:15,27.74,87,5.5,NSC,Solukhumbu
2054-8-12,1997-11-26,11:00,05:15,27.75,86,4.3,NSC,Dolakha
2054-7-9,1997-10-24,11:00,05:15,28.66,82.54,5.2,RSC,Rukum
2054-6-26,1997-10-11,11:00,05:15,27.65,86.41,4.8,NSC,Ramechhap
2054-2-16,1997-05-28,11:00,05:15,28.68,82.58,4.5,RSC,Rukum
2054-2-9,1997-05-21,11:00,05:15,23.71,80.47,6,NSC,India
2053-12-26,1997-04-07,11:00,05:15,27.5,87.746,4.6,NSC,Solukhumbu
2053-12-12,1997-03-24,11:00,05:15,28.06,85.28,5,NSC,Rasuwa
2053-11-8,1997-02-18,11:00,05:15,29.52,81.33,4.4,RSC,Bajhang
2053-10-29,1997-02-10,11:00,05:15,28.12,85.33,4.2,NSC,Rasuwa
2053-10-22,1997-02-03,11:00,05:15,28.09,85.29,4.7,NSC,Rasuwa
2053-10-22,1997-02-03,11:00,05:15,28.02,85.33,5,NSC,Rasuwa
2053-10-20,1997-02-01,11:00,05:15,28,85.303,4.7,NSC,Rasuwa
2053-10-19,1997-01-31,11:00,05:15,28.078,85.286,5.8,NSC,Rasuwa
2053-10-19,1997-01-31,11:00,05:15,28.015,85.301,5,NSC,Rasuwa
2053-9-22,1997-01-05,11:00,05:15,29.785,80.588,5.6,RSC,Darchula
2053-9-18,1997-01-01,11:00,05:15,27.005,86.561,4.5,NSC,Udayapur
2068-9-16,2011-12-30,07:55,02:10,29.62,81.53,4,NSC,Bajura
2068-9-4,2011-12-18,03:20,21:35,27.73,88.16,4.6,NSC,Taplejung
2068-8-29,2011-12-14,02:05,20:20,27.72,88.09,4.9,NSC,Taplejung
2068-8-23,2011-12-09,04:42,22:57,27.83,88.13,4.2,NSC,Taplejung
2068-8-23,2011-12-08,23:25,17:40,27.97,82.86,4,NSC,Pyuthan
2068-8-17,2011-12-02,11:00,05:15,28.05,85.34,4.2,NSC,Rasuwa
2068-8-8,2011-11-23,11:00,05:15,28.91,81.68,4.2,NSC,Dailekh
2068-8-4,2011-11-19,11:00,05:15,27.7,86.1,4.1,NSC,Dolakha
2068-7-28,2011-11-13,11:00,05:15,28.2,84.93,5,NSC,Gorkha
2068-7-23,2011-11-08,11:00,05:15,27.94,85.55,4.1,NSC,Sindhupalchowk
2068-7-19,2011-11-04,11:00,05:15,28.34,83.66,4,NSC,Parbat
2068-6-16,2011-10-02,11:00,05:15,29.55,81.68,4.2,NSC,Bajura
2068-6-15,2011-10-01,11:00,05:15,30.16,81.81,4.7,NSC,Humla
2068-6-2,2011-09-18,11:00,05:15,27.78,88.32,6.8,NSC,Taplejung-Sikkim Border
2068-5-11,2011-08-27,11:00,05:15,26.94,86.6,5,NSC,Udayapur
2068-5-9,2011-08-25,11:00,05:15,28.15,82.53,4.4,NSC,Rolpa
2068-5-6,2011-08-22,11:00,05:15,28.29,83.96,4,NSC,Kaski
2068-5-3,2011-08-19,11:00,05:15,29.7,81.34,4.9,NSC,Bajhang
2068-5-2,2011-08-18,11:00,05:15,28.21,84.31,4,NSC,Lamjung
2068-4-31,2011-08-15,11:00,05:15,27.44,86.27,5,NSC,Ramechhap
2068-4-25,2011-08-09,11:00,05:15,29.9,81.31,4.3,NSC,Bajhang
2068-4-18,2011-08-02,11:00,05:15,27.35,86.35,4,NSC,Khotang
2068-4-14,2011-07-29,11:00,05:15,27.19,86.76,4.2,NSC,Khotang
2068-3-32,2011-07-15,11:00,05:15,27.28,87.3,4.5,NSC,Sankhuwasabha
2068-3-5,2011-06-18,11:00,05:15,27.83,87.35,4.3,NSC,Sankhuwasabha
2068-3-4,2011-06-17,11:00,05:15,30.24,81.48,4.2,NSC,Humla
2068-2-29,2011-06-11,11:00,05:15,28.4,82.55,4.1,NSC,Rolpa
2068-2-29,2011-06-11,11:00,05:15,28.41,82.66,4.2,NSC,Rolpa
2068-2-21,2011-06-03,11:00,05:15,27.6,88.03,5.2,NSC,Taplejung
2067-12-25,2011-04-07,11:00,05:15,27.93,85.61,4.1,NSC,Sindhupalchowk
2067-12-23,2011-04-05,11:00,05:15,29.74,80.37,4.1,NSC,Darchula
2067-12-22,2011-04-04,11:00,05:15,29.92,80.54,5.7,NSC,Darchula
2067-12-22,2011-04-04,11:00,05:15,30,80.81,4.1,NSC,Darchula
2067-12-9,2011-03-22,11:00,05:15,28.11,82.74,4.2,NSC,Pyuthan
2067-12-9,2011-03-22,11:00,05:15,28.35,83.96,4,NSC,Kaski
2067-11-29,2011-03-12,11:00,05:15,28.31,83.78,4.4,NSC,Kaski
2067-11-28,2011-03-11,11:00,05:15,28.31,83.8,4.3,NSC,Kaski
2067-11-27,2011-03-10,11:00,05:15,28.02,85.24,4.3,NSC,Rasuwa
2067-11-11,2011-02-22,11:00,05:15,27.57,87.01,4.2,NSC,Sankhuwasabha
2067-11-2,2011-02-13,11:00,05:15,27.47,87.01,4.7,NSC,Bhojpur-Sankhuwasabha border
2067-10-5,2011-01-18,11:00,05:15,27.8,85.94,4.3,NSC,Sindhupalchowk
2067-10-5,2011-01-18,11:00,05:15,30.03,81.97,4.1,NSC,Humla
2057-9-17,2000-12-31,11:00,05:15,27.84,87.71,4.1,NSC,Taplejung
2057-5-18,2000-09-02,11:00,05:15,28.071,85.334,4.5,NSC,Nuwakot
2057-2-21,2000-06-02,11:00,05:15,28.07,83.29,4.2,NSC,Arghanchi
2056-12-5,2000-03-17,11:00,05:15,27.76,87.55,4.2,NSC,Sankhuwasabha
2056-12-1,2000-03-13,11:00,05:15,29.77,81.41,4.2,NSC,Bajhang
2056-12-1,2000-03-13,11:00,05:15,27.99,87.42,5,NSC,Taplejung
2056-12-1,2000-03-13,11:00,05:15,27.73,87.71,5.1,NSC,Sankhuwasabha
2056-11-15,2000-02-26,11:00,05:15,28.617,82.314,5.1,NSC,Jajarkot
2056-10-12,2000-01-25,11:00,05:15,27.378,88.059,4.6,NSC,Taplejung
2056-10-7,2000-01-20,11:00,05:15,27.928,86.06,4.8,NSC,Sindhupalchowk
2058-9-5,2001-12-19,11:00,05:15,23.83,89.88,4.8,NSC,Bangaladesh
2058-9-4,2001-12-18,11:00,05:15,29.58,81.8,4.8,RSC,Mugu
2058-8-14,2001-11-28,11:00,05:15,29.59,81.77,4.5,RSC,Mugu
2058-8-13,2001-11-27,11:00,05:15,29.52,81.99,5.2,RSC,Mugu
2058-8-13,2001-11-27,11:00,05:15,29.63,81.79,5.7,RSC,Mugu
2058-8-13,2001-11-27,11:00,05:15,29.53,81.81,5.8,RSC,Mugu
2058-7-12,2001-10-27,11:00,05:15,29.56,81.46,4.7,RSC,Humla
2058-6-12,2001-09-27,11:00,05:15,26.98,87.78,4.8,NSC,Udayapur
2058-5-29,2001-09-13,11:00,05:15,29.821,80.644,5,NSC,Darchula
2058-4-2,2001-07-16,11:00,05:15,28.29,84.27,4.8,NSC,Lamjung
2058-4-2,2001-07-16,11:00,05:15,27.97,84.68,5.9,NSC,Gorkha
2058-3-28,2001-07-11,11:00,05:15,29.507,81.394,4.3,NSC,Bajhang
2058-1-3,2001-04-15,11:00,05:15,29.458,81.4,4.4,RSC,Bajura
2060-9-5,2003-12-19,11:00,05:15,27.06,87.97,4.2,NSC,Illam
2060-8-26,2003-12-11,11:00,05:15,29.85,80.54,4.1,NSC,Darchula
2060-8-20,2003-12-05,11:00,05:15,28.4,83.93,4,NSC,Kaski
2060-8-8,2003-11-23,11:00,05:15,28.41,83.97,3.6,NSC,Kaski
2060-8-8,2003-11-23,11:00,05:15,28.45,83.94,4.5,NSC,Kaski
2060-8-8,2003-11-23,11:00,05:15,28.3,83.88,4.4,NSC,Kaski
2057-12-23,2001-04-04,11:00,05:15,27.806,86.171,4.8,NSC,Dolakha
2057-10-14,2001-01-26,11:00,05:15,24.173,69.853,7,NSC,Bhuj/India
2059-8-5,2002-11-20,11:00,05:15,29.61,81.56,4.4,RSC,Bajura
2059-6-26,2002-10-11,11:00,05:15,28.28,83.94,4,NSC,Kaski
2059-6-24,2002-10-09,11:00,05:15,28.18,83.9,4.1,NSC,Kaski
2060-8-7,2003-11-22,11:00,05:15,28.47,83.91,5,NSC,Kaski
2060-7-20,2003-11-05,11:00,05:15,27.78,86.16,4.1,NSC,Dolakha
2060-7-13,2003-10-29,11:00,05:15,27.26,86.69,4,NSC,Khotang
2060-6-13,2003-09-29,11:00,05:15,27.52,87.86,4.6,NSC,Taplejung
2060-6-8,2003-09-24,11:00,05:15,28.99,81.96,4.3,NSC,Dailekh
2060-4-21,2003-08-05,11:00,05:15,27.99,86.03,4.2,NSC,Sidhupalchowk
2060-4-18,2003-08-02,11:00,05:15,29.51,82.1,4.4,NSC,Mugu
2059-5-25,2002-09-09,11:00,05:15,28.98,28.98,4.1,NSC,Kailali
2059-4-27,2002-08-11,11:00,05:15,26.97,86.4,4.1,NSC,Udayapur
2059-4-1,2002-07-16,11:00,05:15,27.75,87.36,4.3,NSC,Sankhuwasava
2059-3-19,2002-07-02,11:00,05:15,27.17,84.82,4.1,NSC,Parsa
2059-3-7,2002-06-20,11:00,05:15,25.63,88.38,5.5,NSC,Bangladesh
2059-2-31,2002-06-13,11:00,05:15,28.23,84.86,4,NSC,Dhading
2060-4-13,2003-07-28,11:00,05:15,28.75,82.52,4.5,,Rukum
2060-3-10,2003-06-23,11:00,05:15,27.79,87.97,4.8,NSC,Taplejung
2059-12-22,2003-04-04,11:00,05:15,30.1,80.39,5,NSC,Pithoragarh
2059-12-16,2003-03-29,11:00,05:15,27.46,86.63,4,NSC,Tibet
2059-12-12,2003-03-25,11:00,05:15,27.18,89.59,5.7,NSC,Bhutan
2059-11-15,2003-02-26,11:00,05:15,28.47,86.01,5,NSC,Tibet
2059-2-25,2002-06-07,11:00,05:15,28.77,81.12,4,RSC,Kailali
2059-2-23,2002-06-05,11:00,05:15,28.86,80.75,4,RSC,Kailali
2059-2-22,2002-06-04,11:00,05:15,30.71,81.34,6,NSC,Tibet
2059-2-22,2002-06-04,11:00,05:15,28.79,80.53,4,NSC,Kanchanpur
2059-1-20,2002-05-02,11:00,05:15,27.67,86.67,5.2,NSC,Solukhumbu
2059-1-3,2002-04-15,11:00,05:15,26.87,86.31,4,NSC,Udayapur
2058-12-28,2002-04-09,11:00,05:15,27.46,86.174,4,NSC,Ramechhap
2058-10-22,2002-02-03,11:00,05:15,27.72,86.37,4.1,NSC,Dolakha
2061-9-13,2004-12-27,11:00,05:15,27.76,86.2,4.2,NSC,"Nagpa, Dolakaha"
2061-9-12,2004-12-26,11:00,05:15,29.9,81.63,4.3,NSC,"Sain, Bajura"
2061-8-3,2004-11-17,11:00,05:15,28.26,84.67,4.1,NSC,"Kharibot, Lamjung"
2061-7-25,2004-11-09,11:00,05:15,28.77,82.95,4.4,NSC,RahalGaun/Rukum 
2061-6-20,2004-10-05,11:00,05:15,26.83,86.55,4.1,NSC,"Simle, Udayapur"
2061-5-28,2004-09-12,11:00,05:15,29.51,81.84,4.4,NSC,"Shirkot, Mugu"
2061-5-18,2004-09-02,11:00,05:15,27.87,85.93,4.2,NSC,"Listikot, Sindhupalchowk"
2061-5-7,2004-08-22,11:00,05:15,28.03,85.24,4.1,NSC,"Kaseri, Rasuwa"
2061-4-6,2004-07-20,11:00,05:15,27.96,85.88,4.5,NSC,"Listikot, Sindhupalchok"
2061-4-2,2004-07-16,11:00,05:15,28.32,84.06,4.6,NSC,"Ghalegaun, Kaski"
2061-2-17,2004-05-29,11:00,05:15,28.58,89.97,4.3,NSC,"Niseldhar, Baglung"
2061-2-17,2004-05-29,11:00,05:15,28.55,82.96,4.9,NSC,"Niseldhar, Baglung"
2061-2-17,2004-05-29,11:00,05:15,28.59,82.98,4.3,NSC,"Niseldhar, Baglung"
2060-12-19,2004-03-31,11:00,05:15,27.18,87.63,4.6,NSC,"Isabun,Terathum"
2060-12-5,2004-03-17,11:00,05:15,27.67,87.82,4.1,NSC,"Amjilesa, Taplejung"
2060-11-7,2004-02-18,11:00,05:15,27.61,87.8,4.7,NSC,"Amjilesa, Taplejung"
2060-11-3,2004-02-14,11:00,05:15,29.67,80.88,4.3,NSC,"Brahmajali, Bhajhang"
2060-10-20,2004-02-02,11:00,05:15,29.32,81.53,4.1,NSC,"Tolideval, Bajura"
2060-9-24,2004-01-07,11:00,05:15,28.07,85,4,NSC,"Darkha, Dhading"
2060-9-20,2004-01-03,11:00,05:15,27.76,86.07,4.5,NSC,"Listikot, Sindhupalchok"
2060-9-20,2004-01-03,11:00,05:15,27.87,86.06,5.5,,"Listikot, Sindhupalchok"
2071-9-4,2014-12-18,21:17,15:32,27.73,86.52,5.9,NSC,Solukhumbu
2071-8-10,2014-11-25,21:34,15:49,28.25,84.94,4.5,NSC,Gorkha
2071-6-1,2014-09-17,16:14,10:29,27.76,88.05,4.5,NSC,Taplejung
2071-4-19,2014-08-03,11:42,05:57,29.45,85.64,5.9,N?A,Tibet
2071-3-24,2014-07-07,22:22,16:37,29.73,80.93,4.2,NSC,Bajhang-Darchula border
2071-3-21,2014-07-04,11:43,05:58,27.83,87.91,4.6,NSC,Taplejung
2071-2-12,2014-05-25,08:31,02:46,28.23,84.09,4.1,NSC,Kaski
2071-2-7,2014-05-20,00:21,18:36,28.32,84.73,4.3,NSC,Gorkha
2071-1-11,2014-04-23,12:59,07:14,27.3,87.62,4,NSC,Taplejung
2070-12-29,2014-04-11,23:07,17:22,29.29,81.26,4.2,NSC,Achham
2070-12-18,2014-03-31,13:36,07:51,30.11,81.93,4.4,NSC,Humla
